,HorseName,HorseOrigin,Age,YearOfBirth,Color,Sex,H_SeasonalStake,H_TotalStake,H_1st,H_2nd,H_3rd,H_Total,Trainer,CurrentRating,StartofTheSeasonRating
0,一代天嬌,澳洲,4,2018,棗,雌,"$103,500","$103,500",0,0,0,1,大衛希斯,80,80
1,一先生,愛爾蘭,4,2018,栗,閹,"$2,722,750","$3,523,450",1,2,2,11,姚本輝,84,77
2,一定美麗,澳洲,6,2016,棗,閹,$0,"$4,646,650",3,2,2,30,蔡約翰,77,84
3,一樣滿意,紐西蘭,5,2017,棗,閹,$0,"$228,800",0,1,0,5,呂健威,48,48
4,一澤千金,巴西,4,2018,棗,閹,$0,$0,0,0,0,4,沈集成,42,44
5,一簾風月,愛爾蘭,3,2019,灰,閹,$0,$0,0,0,0,8,伍鵬志,51,65
6,一絕,澳洲,4,2018,棗／棕,閹,"$64,800","$64,800",0,0,0,3,賀賢,48,49
7,一舖到位,法國,4,2018,深棗,閹,$0,"$265,200",0,1,0,7,姚本輝,45,49
8,一舖成名,澳洲,8,2014,棗,閹,"$846,450","$5,367,020",6,4,5,57,葉楚航,39,32
9,一舖縱橫,澳洲,8,2014,棗,閹,"$302,400","$4,771,750",5,2,1,54,葉楚航,49,49
10,三代同心,愛爾蘭,3,2019,棗,閹,$0,$0,0,0,0,1,告東尼,65,65
11,三劍俠,愛爾蘭,4,2018,棗,閹,"$739,800","$776,200",1,0,1,15,徐雨石,48,42
12,三圓䮭影,英國,3,2019,棗,閹,$0,$0,0,0,0,0,伍鵬志,,
13,三江飛輪,愛爾蘭,4,2018,棗,閹,"$2,083,000","$2,357,750",1,0,1,15,韋達,75,73
14,上市魅力,紐西蘭,3,2019,棗,閹,$0,$0,0,0,0,0,蘇偉賢,52,52
15,上校,紐西蘭,6,2016,棕,閹,"$275,400","$3,305,440",2,4,5,42,姚本輝,45,48
16,上浦精選,紐西蘭,4,2018,灰,閹,$0,$0,0,0,0,2,呂健威,49,52
17,上駿之星,澳洲,5,2017,棗,閹,"$2,318,250","$6,877,300",4,0,0,15,沈集成,99,91
18,不可擋,紐西蘭,4,2018,棗,閹,"$248,400","$1,702,400",1,2,4,13,韋達,56,54
19,世澤歆星,紐西蘭,5,2017,棗,閹,"$426,600","$1,548,000",0,4,2,14,丁冠豪,52,51
20,世界籐王,紐西蘭,3,2019,栗,閹,$0,$0,0,0,0,0,黎昭昇,52,52
21,世紀明達,澳洲,4,2018,栗,閹,$0,$0,0,0,0,1,丁冠豪,52,52
22,中華叻叻,澳洲,4,2018,栗,閹,$0,$0,0,0,0,4,徐雨石,40,43
23,中華威威,澳洲,7,2015,棗,閹,"$124,200","$3,574,210",3,5,4,42,徐雨石,43,48
24,中華盛景,澳洲,5,2017,棗,閹,"$762,300","$7,296,800",3,4,2,18,告東尼,100,98
25,中華英雄,澳洲,3,2019,棗,雄,"$37,800","$135,550",0,0,1,4,大衛希斯,50,53
26,久久為攻,澳洲,4,2018,栗,閹,"$995,760","$1,671,760",1,3,1,13,大衛希斯,54,48
27,久久為王,澳洲,4,2018,棗,閹,"$30,188","$30,188",0,0,0,3,賀賢,60,64
28,九秒九,紐西蘭,5,2017,棗,閹,"$124,200","$124,200",0,0,1,4,方嘉柏,48,49
29,九運,紐西蘭,5,2017,棗,閹,$0,"$400,350",0,1,0,4,葉楚航,63,63
30,九龍神駒,愛爾蘭,5,2017,棗,閹,"$162,000","$378,950",0,0,2,12,沈集成,48,56
31,事事利高,澳洲,2,2020,棗,閹,$0,$0,0,0,0,0,徐雨石,,
32,二話不說,紐西蘭,7,2015,棗,閹,$0,"$5,206,030",5,4,4,52,葉楚航,48,52
33,二雋,英國,5,2017,棗,閹,"$551,000","$4,396,800",3,3,6,21,蔡約翰,75,75
34,五邑之星,澳洲,6,2016,棗,閹,"$461,700","$1,070,900",1,2,0,17,徐雨石,34,32
35,亞機拉,英國,3,2019,灰,閹,$0,$0,0,0,0,0,告東尼,74,74
36,亞洲力量,紐西蘭,5,2017,栗,閹,"$76,950","$425,350",0,1,1,12,黎昭昇,35,37
37,亞洲籐王,澳洲,5,2017,棗,閹,"$1,090,800","$1,246,800",1,2,1,9,黎昭昇,53,43
38,亟多福,澳洲,4,2018,棕,閹,$0,"$59,500",0,0,0,9,苗禮德,30,37
39,人和家盛,愛爾蘭,6,2016,棕,閹,"$405,000","$3,677,870",2,4,5,35,沈集成,55,55
40,人和家興,澳洲,6,2016,棗,閹,$0,"$4,504,800",4,2,1,17,大衛希斯,75,75
41,仁仁之寶,紐西蘭,4,2018,栗,閹,"$301,875","$1,123,475",1,0,2,8,蘇偉賢,61,60
42,仍然贏,澳洲,7,2015,栗,閹,"$141,750","$2,188,150",1,5,3,26,蘇偉賢,36,39
43,令才,南非,6,2016,棗,閹,"$1,355,400","$2,732,000",3,3,2,32,伍鵬志,62,51
44,以戰得勝,紐西蘭,6,2016,棕,閹,"$301,875","$1,565,725",1,0,2,15,羅富全,68,70
45,仲得威,紐西蘭,6,2016,棗,閹,$0,"$590,200",0,1,2,21,容天鵬,23,30
46,伊臣,澳洲,4,2018,栗,閹,"$92,400","$3,394,600",3,3,0,11,羅富全,82,83
47,伶俐驫駒,紐西蘭,3,2019,棗,閹,$0,$0,0,0,0,0,容天鵬,52,52
48,但求快活,愛爾蘭,4,2018,灰,閹,"$361,800","$361,800",0,1,1,12,伍鵬志,51,50
49,佐治勇駒,澳洲,5,2017,栗,閹,"$162,000","$1,295,650",0,2,1,16,蘇偉賢,57,60
50,你知我勝,澳洲,5,2017,棗,閹,"$983,250","$4,433,300",5,0,3,20,姚本輝,78,73
51,你知我拼,澳洲,4,2018,棗,閹,$0,$0,0,0,0,0,姚本輝,52,52
52,佳尊三,美國,5,2017,棕,閹,"$461,700","$786,400",1,0,1,26,蘇偉賢,39,35
53,佳景臨門,澳洲,3,2019,栗,雄,$0,$0,0,0,0,0,葉楚航,52,52
54,佳知巷聞,澳洲,4,2018,棕,閹,$0,$0,0,0,0,0,姚本輝,52,52
55,佳福駒,愛爾蘭,3,2019,栗,閹,$0,$0,0,0,0,1,丁冠豪,68,68
56,佳運發,紐西蘭,5,2017,棗,閹,"$60,375","$1,291,735",1,2,0,9,大衛希斯,59,62
57,佳運財,澳洲,5,2017,棗,閹,"$1,759,075","$7,499,075",6,0,2,15,大衛希斯,98,93
58,俏芳華,紐西蘭,5,2017,棕,閹,"$507,500","$7,454,200",6,1,1,18,羅富全,84,86
59,俏郎中,紐西蘭,3,2019,棗,閹,"$64,800","$64,800",0,0,0,2,韋達,50,52
60,保羅承傳,澳洲,6,2016,棗,閹,"$2,090,000","$9,138,405",7,6,2,33,羅富全,91,86
61,俠客行,澳洲,4,2018,栗,閹,$0,$0,0,0,0,1,伍鵬志,66,66
62,信威王子,南非,7,2015,棕,閹,$0,$0,0,0,0,16,徐雨石,31,33
63,信心之選,愛爾蘭,4,2018,棗,閹,"$532,000","$1,788,000",1,1,2,9,沈集成,73,72
64,信心滿滿,澳洲,6,2016,棗,閹,"$275,400","$1,932,500",3,2,0,27,呂健威,43,44
65,倍增勝數,澳洲,5,2017,灰,閹,"$554,850","$762,850",1,1,1,17,大衛希斯,45,38
66,健康之星,紐西蘭,3,2019,棗,閹,"$64,800","$64,800",0,0,0,1,告東尼,52,52
67,健康在望,澳洲,7,2015,棗,閹,"$228,000","$6,968,990",5,2,10,47,苗禮德,67,68
68,健康心靈,澳洲,4,2018,棗,閹,"$399,600","$399,600",0,1,1,8,沈集成,45,46
69,健康快駒,紐西蘭,5,2017,棗,閹,"$2,291,000","$8,933,050",6,2,2,14,蔡約翰,97,89
70,健康愉快,澳洲,6,2016,棗／棕,閹,"$858,000","$16,660,500",4,2,1,19,羅富全,107,107
71,健康第一,澳洲,6,2016,棗,閹,"$253,800","$1,058,450",0,2,3,25,大衛希斯,49,54
72,健康馬,紐西蘭,5,2017,棗,閹,"$37,800","$968,600",0,3,1,12,賀賢,52,53
73,傑出漢子,澳洲,4,2018,栗,閹,$0,$0,0,0,0,1,呂健威,63,63
74,傲龍駒,澳洲,6,2016,棕,閹,"$64,800","$2,637,500",4,2,2,23,容天鵬,43,49
75,傳奇大師,紐西蘭,4,2018,棗,閹,$0,$0,0,0,0,0,呂健威,52,52
76,優悠俠,澳洲,4,2018,棗,閹,$0,$0,0,0,0,1,伍鵬志,52,52
77,優達星,紐西蘭,7,2015,棗,閹,"$237,600","$908,405",1,1,2,14,丁冠豪,43,44
78,元朗之星,紐西蘭,7,2015,棕,閹,$0,"$2,768,950",1,4,1,37,文家良,40,47
79,先進多多,愛爾蘭,2,2020,棗,雄,$0,$0,0,0,0,0,蘇偉賢,,
80,光年八十,澳洲,4,2018,棗,閹,$0,$0,0,0,0,0,容天鵬,64,64
81,光明先驅,紐西蘭,4,2018,棗,閹,$0,$0,0,0,0,3,葉楚航,56,58
82,全城帶勝,紐西蘭,3,2019,棕,閹,$0,$0,0,0,0,0,蘇偉賢,52,52
83,全才,愛爾蘭,8,2014,棗,閹,"$426,600","$5,959,350",2,9,3,52,葉楚航,49,54
84,全民佳知,法國,6,2016,棗,閹,$0,"$4,183,150",3,4,1,42,姚本輝,63,67
85,八仟師,澳洲,5,2017,栗,閹,"$436,500","$8,141,900",5,0,2,12,羅富全,109,110
86,八卦,澳洲,7,2015,棗,閹,$0,"$5,739,705",6,5,2,44,徐雨石,66,69
87,八威小子,英國,3,2019,棕,閹,"$37,800","$100,200",0,0,0,9,賀賢,51,55
88,八心之威,澳洲,6,2016,栗,閹,"$1,043,625","$4,741,825",6,0,5,28,韋達,76,68
89,八心八箭,澳洲,4,2018,棗,閹,$0,$0,0,0,0,0,伍鵬志,69,69
90,八采,紐西蘭,4,2018,栗,閹,$0,$0,0,0,0,6,徐雨石,35,40
91,八駿巨昇,澳洲,3,2019,棗,閹,"$675,975","$675,975",1,0,0,2,告東尼,66,52
92,其利斷金,紐西蘭,7,2015,栗,閹,"$93,150","$4,238,678",4,2,5,44,葉楚航,38,42
93,其藝先鋒,澳洲,5,2017,棗,閹,$0,"$675,100",0,1,1,12,丁冠豪,67,71
94,冠寶駒,紐西蘭,6,2016,棗,閹,"$983,250","$5,284,130",5,3,2,25,苗禮德,71,66
95,冠軍名駒,澳洲,6,2016,棗,閹,$0,"$535,000",0,2,0,15,葉楚航,32,37
96,冰雪奇遇,澳洲,6,2016,棗,閹,"$783,900","$2,460,500",3,1,2,17,容天鵬,67,61
97,凌厲,澳洲,4,2018,棕,閹,"$615,600","$615,600",1,0,0,2,蔡約翰,59,52
98,凱旋再來,澳洲,4,2018,栗,閹,$0,"$228,800",0,1,0,6,羅富全,47,53
99,凱旋時光,澳洲,3,2019,栗,閹,$0,$0,0,0,0,0,羅富全,67,67
100,前風,澳洲,5,2017,棗,閹,$0,"$1,049,550",1,0,2,20,徐雨石,52,57
101,創奇蹟,澳洲,4,2018,棕,閹,"$302,400","$302,400",0,1,0,8,文家良,40,40
102,創建群英,紐西蘭,6,2016,棗,閹,"$124,200","$462,200",0,0,3,17,丁冠豪,38,44
103,創福威,澳洲,5,2017,棕,閹,"$461,700","$521,700",1,0,0,13,黎昭昇,29,24
104,創科盛世,紐西蘭,4,2018,棕,閹,$0,$0,0,0,0,0,容天鵬,52,52
105,創高峰,南非,6,2016,栗,閹,"$28,350","$987,340",1,1,1,20,苗禮德,31,38
106,劍在九天,澳洲,6,2016,棗,閹,"$368,550","$1,385,850",0,4,5,29,沈集成,23,26
107,劍聶風,澳洲,9,2013,栗,閹,$0,"$4,820,250",5,6,4,66,鄭俊偉,27,35
108,功夫茶,紐西蘭,7,2015,棕,閹,"$237,600","$2,434,300",3,3,2,25,賀賢,48,51
109,加州一寶,澳洲,5,2017,棗,閹,"$103,500","$1,689,200",1,2,0,6,告東尼,74,74
110,加州凱歌,澳洲,7,2015,棗,閹,$0,"$4,489,350",3,3,3,32,告東尼,64,70
111,加州前程,愛爾蘭,4,2018,棗,閹,$0,"$91,350",0,0,0,10,告東尼,52,56
112,加州十大,愛爾蘭,5,2017,栗,閹,"$101,500","$3,939,400",2,3,2,22,告東尼,87,89
113,加州威勝,澳洲,4,2018,棗,閹,"$1,098,600","$2,331,000",2,3,1,13,告東尼,64,57
114,加州得力,澳洲,3,2019,棗,閹,"$2,996,688","$2,996,688",2,0,0,3,告東尼,76,63
115,加州得迅,澳洲,6,2016,栗,閹,$0,"$10,058,000",3,7,5,31,告東尼,93,98
116,加州星球,愛爾蘭,4,2018,棗,閹,"$23,773,000","$48,878,300",9,5,0,14,告東尼,129,111
117,加州紅森,愛爾蘭,4,2018,棗,閹,"$379,500","$779,850",0,2,0,4,告東尼,67,66
118,加州雷電,澳洲,6,2016,棗,閹,$0,"$9,303,435",6,3,5,35,告東尼,79,81
119,加非凡,澳洲,3,2019,栗,閹,$0,$0,0,0,0,0,黎昭昇,52,52
120,勁力十足,紐西蘭,5,2017,栗,閹,$0,"$3,832,350",4,1,0,23,韋達,68,71
121,勁叻仔,愛爾蘭,5,2017,棗,閹,"$853,200","$2,081,600",2,4,2,24,鄭俊偉,46,40
122,勁弗,澳洲,4,2018,棕,閹,"$93,150","$93,150",0,0,1,7,伍鵬志,40,42
123,勁得裕,澳洲,5,2017,棗,閹,$0,$0,0,0,0,10,徐雨石,19,28
124,勁快聯盟,澳洲,5,2017,栗,閹,"$361,800","$1,521,400",1,2,3,13,伍鵬志,56,54
125,勁才,澳洲,5,2017,棕,閹,"$1,564,050","$1,744,600",1,1,1,9,容天鵬,82,76
126,勁搏,澳洲,6,2016,栗,閹,"$350,000","$18,283,750",4,2,2,24,蔡約翰,100,105
127,勁無敵,紐西蘭,3,2019,棕,閹,$0,$0,0,0,0,0,羅富全,52,52
128,勁駒,澳洲,7,2015,棗,閹,"$418,000","$4,047,340",3,4,4,36,賀賢,66,68
129,勇冠群英,澳洲,3,2019,棗,雄,$0,$0,0,0,0,0,何良,52,52
130,勇創派對,紐西蘭,5,2017,棗,閹,"$60,375","$3,154,550",2,5,0,16,呂健威,73,76
131,勇威神駒,澳洲,3,2019,栗,閹,$0,$0,0,0,0,0,沈集成,52,52
132,勇戰神駒,智利,6,2016,棗,雄,"$1,254,000","$19,183,000",3,0,2,17,苗禮德,114,115
133,勇敢動力,紐西蘭,6,2016,棗,閹,$0,"$1,933,850",3,2,0,30,告東尼,34,39
134,勇敢夢想,澳洲,4,2018,棗,閹,"$891,000","$1,374,600",1,2,1,12,告東尼,52,44
135,勇敢巨星,澳洲,4,2018,棗,閹,"$237,600","$237,600",0,1,0,3,呂健威,53,51
136,勇猛神駒,巴西,7,2015,栗,閹,"$228,000","$12,362,750",3,7,2,40,沈集成,100,104
137,勇猛精靈,澳洲,4,2018,棕,閹,"$28,350","$147,950",0,0,1,14,告東尼,23,31
138,勇眼光,澳洲,5,2017,棗,閹,"$928,800","$2,698,800",2,2,7,22,大衛希斯,56,49
139,勇趣,愛爾蘭,5,2017,棗,閹,"$60,375","$1,777,875",1,2,2,20,高伯新,64,65
140,勇進齊心,澳洲,4,2018,棗,閹,"$124,200","$753,400",1,0,1,11,何良,45,45
141,動感先鋒,澳洲,4,2018,栗,閹,"$60,375","$60,375",0,0,0,2,呂健威,64,65
142,勝不驕,澳洲,5,2017,栗,閹,$0,"$5,376,600",3,3,0,9,呂健威,95,95
143,勝出風采,澳洲,3,2019,棗／棕,雌,$0,$0,0,0,0,0,丁冠豪,48,48
144,勝出魅力,英國,5,2017,棗,閹,"$56,700","$1,922,050",1,4,4,37,韋達,24,30
145,勝利之皇,法國,4,2018,栗,閹,"$64,800","$366,400",0,0,2,12,高伯新,50,58
146,勝利同盟,愛爾蘭,3,2019,棗,閹,$0,"$94,200",0,0,0,4,苗禮德,56,63
147,勝利才子,紐西蘭,5,2017,棗,閹,"$124,200","$1,766,800",1,4,2,13,方嘉柏,56,56
148,勝利猴王,澳洲,5,2017,棗,閹,$0,"$235,500",0,0,1,8,韋達,52,55
149,勝利神駒,澳洲,4,2018,棗,閹,$0,$0,0,0,0,2,葉楚航,50,52
150,勝利鐘聲,紐西蘭,4,2018,栗,閹,$0,$0,0,0,0,7,鄭俊偉,37,39
151,勝得出色,紐西蘭,4,2018,灰,閹,$0,"$3,131,350",3,2,1,11,蔡約翰,76,77
152,勝意龍,澳洲,5,2017,棕,閹,"$3,471,300","$5,292,000",4,2,1,19,蘇偉賢,88,64
153,勝神威,澳洲,4,2018,棗／棕,閹,$0,$0,0,0,0,2,黎昭昇,50,52
154,勤德兼備,紐西蘭,10,2012,棗,閹,"$333,500","$9,989,070",7,4,6,62,賀賢,79,80
155,勤德威力,澳洲,4,2018,棗,閹,$0,$0,0,0,0,3,賀賢,48,52
156,包裝全承,紐西蘭,4,2018,棗,閹,$0,$0,0,0,0,0,何良,52,52
157,包裝大獎,澳洲,5,2017,棕,閹,"$1,653,000","$8,061,800",6,3,1,15,何良,91,86
158,包裝大聖,紐西蘭,4,2018,棕,閹,"$124,200","$124,200",0,0,1,4,何良,46,51
159,包裝太保,澳洲,6,2016,棗,閹,$0,"$4,276,000",3,0,1,27,何良,73,82
160,包裝必勝,澳洲,4,2018,栗,閹,"$3,488,050","$5,804,050",5,0,1,7,呂健威,88,74
161,包裝旋風,英國,3,2019,棗,閹,$0,$0,0,0,0,0,方嘉柏,63,63
162,包裝智威,紐西蘭,5,2017,棗,閹,"$1,597,200","$4,390,600",1,1,2,9,呂健威,97,91
163,包裝禮物,澳洲,4,2018,棗／棕,閹,$0,$0,0,0,0,0,沈集成,52,52
164,包裝長勝,紐西蘭,5,2017,棕,閹,"$1,808,400","$6,924,900",5,2,1,12,沈集成,94,89
165,包裝風雲,澳洲,5,2017,棗,閹,"$836,000","$2,120,400",2,2,0,14,沈集成,69,65
166,包裝高勝,澳洲,4,2018,棗,閹,$0,$0,0,0,0,0,大衛希斯,52,52
167,北極光,紐西蘭,6,2016,棗,閹,"$3,114,650","$9,733,130",6,4,6,24,賀賢,95,90
168,十二馬,澳洲,6,2016,棕,閹,"$483,000","$4,894,345",3,6,3,29,蘇偉賢,66,66
169,十八掌,紐西蘭,4,2018,棕,閹,$0,$0,0,0,0,0,沈集成,52,52
170,卓諾人生,紐西蘭,5,2017,棕,閹,$0,"$94,200",0,0,0,8,葉楚航,52,62
171,協奏曲,澳洲,6,2016,栗,閹,"$124,200","$124,200",0,0,1,6,丁冠豪,40,41
172,南區寶,澳洲,6,2016,棗,閹,"$854,700","$8,033,230",7,3,1,33,羅富全,86,89
173,南區旺,澳洲,3,2019,棗,閹,$0,$0,0,0,0,0,羅富全,52,52
174,南征北戰,澳洲,3,2019,棕,閹,$0,$0,0,0,0,0,韋達,52,52
175,南莊之歌,澳洲,7,2015,棕,閹,"$819,375","$5,552,075",4,3,4,39,沈集成,74,72
176,南莊加好,澳洲,8,2014,棗,閹,"$426,600","$3,909,030",3,3,5,30,伍鵬志,47,50
177,南華之光,澳洲,5,2017,棗,閹,$0,"$119,600",0,0,1,4,丁冠豪,48,52
178,博愛之光,紐西蘭,6,2016,棕,閹,$0,"$372,320",0,1,1,12,丁冠豪,48,49
179,博愛先鋒,法國,3,2019,栗,閹,$0,$0,0,0,0,0,容天鵬,52,52
180,博才,愛爾蘭,3,2019,棗,雄,$0,$0,0,0,0,1,大衛希斯,71,71
181,又享耆成,紐西蘭,6,2016,棗,閹,"$124,200","$1,993,600",3,1,2,23,容天鵬,47,48
182,又龍串鳳,智利,5,2017,棗,閹,"$2,449,100","$2,533,100",2,0,0,9,告東尼,78,69
183,友德贏,紐西蘭,4,2018,栗,閹,$0,$0,0,0,0,0,告東尼,52,52
184,友心友型,澳洲,6,2016,棗,閹,"$617,550","$2,831,750",1,6,2,20,葉楚航,63,63
185,友港友笑,紐西蘭,7,2015,棗,閹,"$1,698,600","$4,923,250",2,7,2,26,蘇偉賢,66,55
186,友瑩日,澳洲,4,2018,棗,閹,$0,"$36,400",0,0,0,5,伍鵬志,42,42
187,友盈友福,美國,5,2017,棕,閹,$0,"$1,006,500",0,3,1,33,鄭俊偉,29,38
188,友誼至佳,澳洲,5,2017,棗／棕,閹,"$28,350","$694,050",1,0,1,14,韋達,40,40
189,可圈可点,愛爾蘭,3,2019,棗,閹,$0,$0,0,0,0,0,呂健威,63,63
190,叻加加,紐西蘭,3,2019,棗,閹,$0,$0,0,0,0,0,沈集成,52,52
191,各取所需,澳洲,7,2015,栗,閹,"$152,550","$3,354,650",1,5,7,40,韋達,38,45
192,合夥年代,澳洲,7,2015,栗,閹,"$124,200","$3,043,205",4,1,3,33,蘇偉賢,58,56
193,合夥精英,英國,4,2018,棗,閹,"$180,500","$1,491,450",0,3,1,11,沈集成,74,80
194,合夥芙蓉,紐西蘭,5,2017,棕,閹,$0,"$361,100",0,0,2,8,黎昭昇,58,61
195,合夥贛勁,澳洲,7,2015,棗,閹,$0,"$1,742,200",2,1,2,28,蘇偉賢,39,45
196,合夥雄心,澳洲,5,2017,棕,閹,"$163,875","$3,626,800",3,3,1,19,告東尼,73,76
197,合約精神,澳洲,6,2016,栗,閹,$0,"$4,226,300",4,3,1,26,羅富全,74,77
198,合衷共濟,澳洲,7,2015,棗,閹,"$1,598,850","$7,681,025",6,6,9,45,賀賢,71,60
199,合金之星,澳洲,7,2015,棗,閹,$0,"$964,540",1,2,1,22,容天鵬,25,25
200,合金皇,澳洲,6,2016,棗,閹,$0,"$1,129,850",2,0,2,26,丁冠豪,24,31
201,吉利大勝,澳洲,6,2016,棕,閹,"$93,150","$1,760,555",2,0,5,27,高伯新,34,37
202,吉吉利高,紐西蘭,3,2019,棗,閹,$0,"$484,500",1,0,0,3,何良,56,57
203,吉龍,澳洲,4,2018,棕,閹,"$1,598,850","$1,598,850",2,0,0,2,韋達,69,52
204,同喜囍,澳洲,4,2018,棕,閹,$0,$0,0,0,0,7,沈集成,31,31
205,同有友,澳洲,6,2016,棗,閹,"$847,800","$2,900,800",3,3,2,31,伍鵬志,51,50
206,同滿滿,澳洲,3,2019,棗,閹,$0,$0,0,0,0,0,黎昭昇,52,52
207,同盟力量,澳洲,7,2015,棗,閹,"$189,000","$3,828,840",4,2,5,49,姚本輝,42,46
208,同舟共濟,法國,4,2018,棗,閹,"$4,103,000","$6,465,850",3,2,1,14,沈集成,91,82
209,名門望族,巴西,5,2017,棗,閹,$0,$0,0,0,0,3,丁冠豪,66,68
210,向上游,澳洲,5,2017,栗,閹,"$93,150","$229,650",0,0,2,15,蘇偉賢,26,30
211,周遊列國,紐西蘭,4,2018,棗,閹,"$114,000","$114,000",0,0,0,5,賀賢,64,69
212,和氣生財,澳洲,6,2016,棗,閹,$0,"$6,393,000",4,1,3,22,徐雨石,93,102
213,哈哈大笑,英國,3,2019,棗,閹,$0,$0,0,0,0,0,高伯新,63,63
214,啱啱好,澳洲,5,2017,棕,閹,$0,"$2,623,600",3,0,3,11,羅富全,70,73
215,善傳萬里,澳洲,6,2016,棗,閹,"$237,600","$4,232,755",4,3,1,34,文家良,60,59
216,善傳香江,紐西蘭,4,2018,棗,閹,$0,"$655,200",1,0,0,7,文家良,55,56
217,善財到喇,澳洲,4,2018,棕,閹,$0,$0,0,0,0,5,呂健威,40,51
218,喜中喜,澳洲,4,2018,栗,閹,$0,$0,0,0,0,1,葉楚航,52,52
219,喜傲龍,紐西蘭,5,2017,栗,閹,$0,"$558,500",0,1,1,12,方嘉柏,56,60
220,喜勝威龍,澳洲,4,2018,棗,閹,$0,$0,0,0,0,3,大衛希斯,61,63
221,喜喜任務,澳洲,5,2017,棗,閹,$0,$0,0,0,0,0,容天鵬,69,69
222,喜喜利高,澳洲,4,2018,棗,閹,$0,$0,0,0,0,0,何良,52,52
223,喜報,紐西蘭,5,2017,栗,閹,"$124,200","$1,356,600",1,2,2,10,姚本輝,58,58
224,喜報圍家,紐西蘭,4,2018,栗,閹,$0,$0,0,0,0,2,黎昭昇,63,65
225,喜妙星,紐西蘭,4,2018,棗,閹,$0,$0,0,0,0,0,容天鵬,52,52
226,喜快,澳洲,5,2017,棗,閹,$0,"$565,200",0,0,2,10,黎昭昇,59,59
227,喜悅一生,英國,3,2019,灰,閹,"$64,800","$166,800",0,0,0,6,鄭俊偉,47,52
228,喜悅精靈,澳洲,5,2017,棗／棕,閹,"$162,000","$1,316,400",0,2,6,17,賀賢,40,43
229,喜愛善,澳洲,5,2017,棗,閹,$0,"$468,000",0,1,2,11,蘇偉賢,47,52
230,喜旺駒,澳洲,4,2018,棗,閹,"$884,400","$4,135,800",4,1,2,9,方嘉柏,82,81
231,喜盈於心,澳洲,4,2018,棕,閹,$0,"$265,200",0,1,0,8,文家良,43,48
232,喜蓮勇感,愛爾蘭,2,2020,棗,閹,$0,$0,0,0,0,0,沈集成,,
233,喜蓮心星,澳洲,5,2017,棗,閹,"$64,800","$575,050",0,0,2,14,大衛希斯,56,58
234,喜蓮慧星,愛爾蘭,5,2017,棗,閹,"$227,700","$3,661,600",2,2,3,29,告東尼,58,66
235,喜譽寶,澳洲,5,2017,棗,閹,$0,"$1,841,650",1,1,1,13,蔡約翰,75,81
236,喜駿之星,澳洲,7,2015,棗,閹,"$729,000","$4,654,310",3,8,5,38,文家良,56,51
237,喜駿風采,紐西蘭,4,2018,棗,閹,$0,$0,0,0,0,0,文家良,52,52
238,喜駿駒,紐西蘭,6,2016,棗,閹,"$1,479,000","$9,998,000",3,8,5,31,蔡約翰,92,91
239,嘉應之星,英國,7,2015,棗,閹,"$600,000","$30,625,375",4,11,6,45,告東尼,112,117
240,嘉應勇士,澳洲,4,2018,棕,閹,$0,$0,0,0,0,0,葉楚航,52,52
241,嘉應威風,英國,2,2020,黑,閹,$0,$0,0,0,0,0,告東尼,65,65
242,嘉應精神,澳洲,5,2017,栗,閹,"$1,598,850","$2,506,850",3,0,2,11,沈集成,67,56
243,嘉應精英,澳洲,7,2015,棗,雄,"$158,400","$7,979,640",7,4,2,28,容天鵬,93,93
244,嘉應輝煌,澳洲,4,2018,棕,閹,$0,$0,0,0,0,0,大衛希斯,52,52
245,噴火龍,澳洲,8,2014,棗,閹,"$237,600","$5,344,875",4,5,7,56,苗禮德,36,41
246,四喜鳥,澳洲,3,2019,棕,閹,$0,$0,0,0,0,0,黎昭昇,52,52
247,四季喜,紐西蘭,5,2017,棗,閹,$0,"$1,900,950",2,2,0,12,丁冠豪,62,66
248,國士無雙,紐西蘭,5,2017,棕,閹,$0,"$1,596,400",2,1,1,12,方嘉柏,58,59
249,國大合,澳洲,4,2018,棕,閹,$0,$0,0,0,0,4,葉楚航,44,49
250,團結一心,紐西蘭,4,2018,棗／棕,閹,$0,$0,0,0,0,1,大衛希斯,52,52
251,團結即勝,澳洲,4,2018,棗,閹,$0,$0,0,0,0,0,姚本輝,52,52
252,團結精神,澳洲,8,2014,栗,閹,$0,"$7,756,900",6,7,4,53,大衛希斯,66,71
253,地標圖形,日本,3,2019,栗,雄,"$680,000","$680,000",0,0,0,1,木村哲也,,
254,坪山之星,澳洲,3,2019,棗／棕,閹,$0,$0,0,0,0,0,鄭俊偉,52,52
255,坪山新星,紐西蘭,7,2015,棗,閹,$0,"$2,256,750",2,3,8,34,鄭俊偉,30,30
256,型到爆,紐西蘭,4,2018,栗,閹,$0,$0,0,0,0,0,羅富全,52,52
257,堅又威,澳洲,3,2019,棕,閹,$0,$0,0,0,0,0,姚本輝,52,52
258,堅有利,紐西蘭,4,2018,灰,閹,$0,$0,0,0,0,0,沈集成,52,52
259,場長勝,澳洲,5,2017,棕,閹,"$237,600","$539,200",0,2,0,10,韋達,45,43
260,塑料輝煌,澳洲,5,2017,棗,閹,$0,$0,0,0,0,2,丁冠豪,48,51
261,增有,澳洲,4,2018,棗,閹,"$379,500","$560,050",0,1,1,7,賀賢,73,73
262,壹喜,愛爾蘭,3,2019,棗,閹,$0,"$284,750",0,1,1,3,羅富全,53,54
263,夏威夷,愛爾蘭,7,2015,棗,閹,"$575,000","$45,982,450",8,5,4,29,蔡約翰,121,123
264,多利多,澳洲,4,2018,棗,閹,$0,$0,0,0,0,6,蘇偉賢,33,36
265,多利神駒,巴西,4,2018,栗,雄,"$577,875","$1,676,875",1,1,1,11,韋達,68,68
266,多多光彩,澳洲,4,2018,棗,閹,$0,$0,0,0,0,8,苗禮德,34,40
267,多多勇駒,澳洲,5,2017,棗,閹,"$1,116,250","$2,058,250",1,1,3,12,苗禮德,73,68
268,多多歡笑,澳洲,5,2017,棗,閹,"$302,400","$1,298,100",0,3,4,18,方嘉柏,44,42
269,多多配合,澳洲,5,2017,棗／棕,閹,$0,$0,0,0,0,8,容天鵬,48,51
270,多巴先生,澳洲,5,2017,灰,閹,"$1,023,500","$9,264,500",2,0,4,11,方嘉柏,114,109
271,多心星,紐西蘭,3,2019,棗,閹,$0,$0,0,0,0,0,方嘉柏,52,52
272,夢巴黎,紐西蘭,6,2016,棗,閹,$0,"$1,428,700",1,1,0,11,伍鵬志,64,69
273,夢幻紀錄,澳洲,4,2018,棗,閹,$0,$0,0,0,0,5,丁冠豪,40,45
274,夢想成金,紐西蘭,6,2016,棗,閹,"$121,275","$9,675,965",7,1,2,22,羅富全,100,101
275,夢照發,愛爾蘭,2,2020,棗,閹,$0,$0,0,0,0,0,沈集成,,
276,大力猴王,澳洲,4,2018,棗／棕,閹,"$345,375","$455,275",0,0,1,5,韋達,70,74
277,大勢至富,澳洲,5,2017,棕,閹,"$379,500","$1,627,500",2,1,0,10,姚本輝,64,61
278,大千世界,澳洲,3,2019,栗,閹,$0,$0,0,0,0,0,徐雨石,65,65
279,大千眼界,紐西蘭,4,2018,棗,閹,$0,$0,0,0,0,1,方嘉柏,52,52
280,大地歡笑,紐西蘭,6,2016,棗,閹,$0,"$36,400",0,0,0,11,容天鵬,46,48
281,大學生,愛爾蘭,3,2019,棗,閹,$0,$0,0,0,0,1,韋達,80,80
282,大家開心,澳洲,6,2016,棗,閹,"$499,500","$1,575,700",2,0,3,20,文家良,41,38
283,大師級,澳洲,7,2015,棗,閹,$0,"$3,665,300",4,0,2,35,丁冠豪,56,56
284,大才,澳洲,5,2017,棗,閹,"$1,086,750","$1,860,100",2,0,1,8,葉楚航,71,66
285,大數據,澳洲,3,2019,棗,閹,$0,$0,0,0,0,0,姚本輝,52,52
286,大登殿,紐西蘭,5,2017,棗,閹,"$64,800","$454,800",0,1,0,11,容天鵬,53,57
287,大眾勝利,澳洲,5,2017,棗,閹,"$60,375","$2,768,975",2,5,1,19,羅富全,65,71
288,大眾開心,紐西蘭,6,2016,棗,閹,"$638,000","$6,320,000",5,5,0,23,羅富全,90,88
289,大紅心,愛爾蘭,5,2017,棗,閹,$0,"$1,308,000",2,0,0,20,葉楚航,41,50
290,大紅袍,紐西蘭,5,2017,灰,閹,"$379,500","$1,302,000",1,1,1,11,羅富全,66,67
291,大道至正,法國,7,2015,棗,閹,"$1,593,000","$7,303,375",5,3,9,53,鄭俊偉,60,50
292,大道至簡,澳洲,5,2017,棕,閹,$0,$0,0,0,0,7,鄭俊偉,26,29
293,天下有才,澳洲,4,2018,棗,閹,$0,$0,0,0,0,1,大衛希斯,52,52
294,天乙貴人,澳洲,5,2017,棗,閹,$0,$0,0,0,0,0,苗禮德,63,63
295,天使獵人,澳洲,5,2017,棕,閹,$0,$0,0,0,0,8,文家良,40,40
296,天分高,紐西蘭,4,2018,棗,閹,$0,$0,0,0,0,2,方嘉柏,50,52
297,天地同欣,澳洲,3,2019,棗,閹,$0,$0,0,0,0,1,徐雨石,52,52
298,天外飛天,紐西蘭,4,2018,棗,閹,"$275,400","$1,107,400",1,1,2,8,大衛希斯,58,58
299,天外驚天,紐西蘭,4,2018,棗,閹,"$37,800","$386,200",0,1,1,8,大衛希斯,48,54
300,天天得樂,紐西蘭,5,2017,棗,閹,"$1,220,850","$3,285,850",3,1,5,22,何良,69,60
301,天天智庫,澳洲,6,2016,棕,閹,"$28,350","$498,350",0,2,0,22,容天鵬,31,33
302,天寅合一,澳洲,6,2016,棗,閹,"$703,000","$1,692,100",1,1,1,13,告東尼,67,65
303,天時明駒,紐西蘭,4,2018,棗,閹,$0,$0,0,0,0,0,容天鵬,52,52
304,天池怪俠,紐西蘭,8,2014,棕,閹,"$519,500","$9,931,350",6,7,4,58,蘇偉賢,81,85
305,天火同人,澳洲,5,2017,棗,閹,"$60,375","$3,397,225",3,2,3,18,韋達,67,71
306,天行健,澳洲,5,2017,栗,閹,$0,"$2,269,800",1,4,0,18,文家良,68,71
307,天足貓,澳洲,4,2018,棗,閹,"$877,500","$997,100",1,2,1,12,伍鵬志,45,39
308,天駟,澳洲,6,2016,棗,閹,"$841,000","$5,898,250",4,0,4,20,羅富全,89,90
309,太新鮮,紐西蘭,4,2018,棗,閹,$0,$0,0,0,0,1,蘇偉賢,52,52
310,太陽拍檔,澳洲,5,2017,黑,閹,$0,"$650,000",0,1,3,7,姚本輝,54,54
311,奇妙之春,紐西蘭,5,2017,棗,閹,$0,$0,0,0,0,8,徐雨石,31,31
312,奇妙年華,愛爾蘭,4,2018,棗,閹,"$162,000","$1,103,200",1,1,1,15,韋達,42,45
313,奇寶,愛爾蘭,4,2018,棗,閹,$0,"$946,400",1,1,0,9,蔡約翰,61,61
314,奪陣,澳洲,4,2018,棗,閹,$0,$0,0,0,0,0,姚本輝,52,52
315,奮鬥傳奇,紐西蘭,3,2019,栗,閹,$0,$0,0,0,0,0,蘇偉賢,52,52
316,奮鬥大師,紐西蘭,4,2018,棕,閹,$0,$0,0,0,0,0,姚本輝,52,52
317,奮鬥雄才,澳洲,5,2017,棗,閹,$0,"$438,400",0,1,1,18,葉楚航,41,47
318,奮鬥齊心,南非,7,2015,棗,閹,$0,"$1,380,600",2,1,0,26,徐雨石,52,55
319,好友利,澳洲,7,2015,棗,閹,$0,"$2,759,670",4,0,2,43,徐雨石,31,37
320,好友寶,澳洲,4,2018,栗,閹,$0,$0,0,0,0,3,徐雨石,46,51
321,好友精神,澳洲,5,2017,棗,閹,$0,$0,0,0,0,9,葉楚航,29,37
322,好好彩彩,澳洲,8,2014,棗,閹,"$37,800","$3,197,590",3,4,1,34,蘇偉賢,49,57
323,好好心得,澳洲,6,2016,棗,閹,"$888,800","$4,142,750",3,3,1,20,伍鵬志,88,83
324,好好達人,紐西蘭,3,2019,棗,雄,$0,$0,0,0,0,0,葉楚航,52,52
325,好拍檔,紐西蘭,5,2017,棗,閹,"$1,978,350","$3,744,150",4,3,0,15,賀賢,74,60
326,好掂水,澳洲,4,2018,棗,閹,$0,$0,0,0,0,0,韋達,,
327,好玩奇兵,紐西蘭,4,2018,棗,閹,"$124,200","$124,200",0,0,1,1,沈集成,52,52
328,好玩福星,紐西蘭,6,2016,棗,閹,$0,"$3,252,050",3,4,0,16,何良,68,74
329,好瑪好馬,紐西蘭,4,2018,棗,閹,$0,$0,0,0,0,6,賀賢,39,44
330,好眼光,澳洲,6,2016,棗,閹,"$5,580,000","$16,629,000",7,4,0,22,蔡約翰,117,113
331,好運寶馬,澳洲,5,2017,棕,閹,$0,"$2,505,450",3,0,3,14,何良,63,67
332,妙嘉輝,紐西蘭,4,2018,棗／棕,閹,$0,$0,0,0,0,1,徐雨石,52,52
333,妙玲瓏,澳洲,3,2019,棗,雄,$0,$0,0,0,0,2,沈集成,68,70
334,妙算歡騰,澳洲,5,2017,棕,閹,$0,"$1,185,600",2,0,0,11,丁冠豪,57,58
335,威之星,澳洲,6,2016,棗,閹,"$473,775","$1,371,675",0,2,4,18,賀賢,61,59
336,威力奔騰,紐西蘭,5,2017,栗,閹,"$60,375","$3,035,775",4,0,0,5,賀賢,78,78
337,威力星,澳洲,4,2018,栗,閹,$0,$0,0,0,0,6,告東尼,40,49
338,威力欣賞,紐西蘭,4,2018,棗,閹,$0,$0,0,0,0,2,姚本輝,50,52
339,威力飛彈,澳洲,5,2017,棗,閹,"$64,800","$64,800",0,0,0,6,黎昭昇,54,58
340,威力飛馳,澳洲,6,2016,棗,閹,$0,"$1,088,400",1,1,1,25,賀賢,43,44
341,威妙星,澳洲,6,2016,棗,閹,"$918,000","$2,715,200",2,5,2,19,容天鵬,60,53
342,威威鬥士,愛爾蘭,4,2018,棗,閹,"$976,320","$2,105,920",2,2,1,20,呂健威,64,62
343,威武勇駒,愛爾蘭,4,2018,棗,閹,"$37,800","$256,200",0,0,1,8,賀賢,43,49
344,威武寶寶,紐西蘭,3,2019,棕,閹,$0,$0,0,0,0,0,賀賢,52,52
345,威武覺醒,澳洲,4,2018,棗,閹,"$2,461,150","$3,173,550",3,2,1,10,呂健威,74,58
346,威進駒,澳洲,9,2013,棗,閹,"$653,400","$6,497,400",5,6,5,58,呂健威,47,42
347,威馬先生,澳洲,5,2017,栗,閹,"$198,375","$198,375",0,0,1,4,韋達,59,63
348,嫡愛心,澳洲,3,2019,棕,閹,"$124,200","$124,200",0,0,1,2,蔡約翰,52,52
349,存喜心,紐西蘭,4,2018,棗,閹,$0,$0,0,0,0,2,蔡約翰,50,52
350,宇宙動力,紐西蘭,3,2019,棗,閹,$0,$0,0,0,0,0,伍鵬志,52,52
351,安力寶,紐西蘭,4,2018,棕,閹,"$1,355,400","$1,355,400",2,0,1,5,蔡約翰,62,48
352,安定日子,澳洲,4,2018,栗,閹,$0,$0,0,0,0,0,高伯新,52,52
353,安寶,愛爾蘭,4,2018,棗,閹,$0,"$36,400",0,0,0,12,黎昭昇,32,35
354,安帥,愛爾蘭,4,2018,栗,閹,"$598,500","$692,700",0,1,0,7,賀賢,62,61
355,安泰,英國,2,2020,棗,閹,$0,$0,0,0,0,0,蔡約翰,64,64
356,安田之寶,紐西蘭,5,2017,棗,閹,$0,"$614,200",0,2,2,14,丁冠豪,36,37
357,安耀,愛爾蘭,4,2018,棗,閹,$0,"$54,950",0,0,0,3,高伯新,58,58
358,安遇,愛爾蘭,3,2019,棕,閹,"$1,566,375","$2,461,275",2,0,2,9,文家良,74,69
359,安采,澳洲,7,2015,棕／灰,閹,"$101,500","$4,636,500",1,3,3,26,蘇偉賢,85,89
360,安頌,英國,6,2016,棕,閹,"$836,000","$3,768,250",2,3,3,29,蘇偉賢,70,67
361,宏才,澳洲,4,2018,栗,閹,$0,$0,0,0,0,4,大衛希斯,57,63
362,宜春火力,愛爾蘭,3,2019,棗,閹,"$60,375","$60,375",0,0,0,4,韋達,59,64
363,宜春輝煌,澳洲,6,2016,棗／棕,閹,"$152,775","$3,540,625",3,1,1,24,韋達,80,81
364,家樂飛駒,愛爾蘭,6,2016,灰,閹,$0,"$1,328,300",1,1,2,25,賀賢,60,60
365,富存大師,澳洲,6,2016,棗,閹,"$76,950","$906,950",1,0,0,22,黎昭昇,25,30
366,富存英雄,澳洲,6,2016,栗,閹,"$461,700","$1,890,600",3,0,3,27,高伯新,32,29
367,富存鉅星,紐西蘭,6,2016,棗,閹,$0,$0,0,0,0,11,丁冠豪,15,26
368,富高八斗,澳洲,7,2015,棗,閹,"$186,840","$4,952,515",3,8,7,37,姚本輝,60,60
369,實力哥,澳洲,3,2019,棗,閹,$0,$0,0,0,0,0,大衛希斯,,
370,實力派,紐西蘭,5,2017,棗,閹,"$163,875","$893,925",0,1,1,10,賀賢,67,68
371,寶成智勝,紐西蘭,6,2016,棗,閹,"$1,504,800","$8,123,250",6,3,3,21,姚本輝,96,90
372,寶賢得得,澳洲,5,2017,灰,閹,"$3,467,500","$5,288,750",4,1,6,21,方嘉柏,86,63
373,寶麗生輝,澳洲,5,2017,棗,閹,$0,"$454,800",0,1,1,9,大衛希斯,43,47
374,將俠,紐西蘭,6,2016,棗,閹,"$103,500","$4,084,250",3,4,4,21,告東尼,69,74
375,將王,愛爾蘭,5,2017,棗,閹,"$1,122,000","$29,198,250",2,3,2,18,韋達,120,122
376,將臣,澳洲,2,2020,棕,雄,$0,$0,0,0,0,0,告東尼,,
377,專一,愛爾蘭,6,2016,棗,閹,$0,"$1,734,760",0,3,5,31,葉楚航,42,46
378,尊才,愛爾蘭,5,2017,灰,閹,"$178,200","$334,800",0,1,0,15,葉楚航,35,36
379,對衡之星,澳洲,6,2016,棗,閹,"$783,000","$2,302,800",2,1,4,21,韋達,58,52
380,小刺蛋,澳洲,4,2018,棗,閹,$0,$0,0,0,0,1,苗禮德,52,52
381,小玩家,紐西蘭,6,2016,棗,閹,"$93,150","$304,150",0,0,1,19,黎昭昇,25,24
382,小神仙,澳洲,3,2019,棗,閹,$0,$0,0,0,0,0,姚本輝,52,52
383,小霸王,澳洲,4,2018,棗,閹,$0,$0,0,0,0,5,容天鵬,43,51
384,小鳥,紐西蘭,4,2018,灰,閹,$0,$0,0,0,0,0,呂健威,52,52
385,少爺仔,澳洲,5,2017,棗,閹,"$158,400","$4,295,100",3,1,2,13,高伯新,82,85
386,展宏圖,愛爾蘭,2,2020,棗,雄,$0,$0,0,0,0,0,韋達,76,76
387,山海小區,德國,4,2018,栗,雄,$0,$0,0,0,0,1,錫丹璧,,
388,峰爭,澳洲,5,2017,棗／棕,閹,$0,"$2,047,800",2,1,2,24,羅富全,50,50
389,川河冠駒,愛爾蘭,4,2018,棗,閹,"$750,500","$1,880,900",0,3,2,18,方嘉柏,61,65
390,川河虎駒,澳洲,4,2018,棕,閹,$0,$0,0,0,0,0,黎昭昇,,
391,川河首駒,澳洲,4,2018,栗,閹,$0,$0,0,0,0,0,方嘉柏,69,69
392,巴基之友,澳洲,8,2014,栗,閹,"$189,000","$5,013,650",5,2,4,38,蘇偉賢,45,46
393,巴基勇士,愛爾蘭,5,2017,灰,閹,$0,"$196,500",0,0,1,16,蘇偉賢,18,24
394,巴薩諾瓦,愛爾蘭,3,2019,栗,閹,$0,"$274,750",0,0,1,7,方嘉柏,77,81
395,巴閉哥,澳洲,4,2018,栗,閹,"$2,043,625","$2,043,625",1,0,0,2,呂健威,69,63
396,帖木兒,澳洲,8,2014,棗,閹,$0,"$6,643,950",4,0,7,27,方嘉柏,88,88
397,帝豪之星,澳洲,5,2017,棕,閹,$0,"$1,284,400",2,0,0,14,沈集成,53,53
398,帝豪大師,紐西蘭,6,2016,棕,閹,"$554,850","$2,939,090",3,3,5,32,沈集成,41,40
399,帝豪寶寶,紐西蘭,9,2013,棗,閹,"$656,100","$11,246,325",7,13,7,74,沈集成,59,59
400,帝豪寶駒,紐西蘭,8,2014,棗,閹,"$28,350","$1,860,890",2,2,5,38,蘇偉賢,23,27
401,帥男,愛爾蘭,5,2017,棗,閹,"$93,150","$93,150",0,0,1,16,鄭俊偉,22,28
402,常常有餘,澳洲,4,2018,棕,閹,"$207,000","$2,177,350",2,0,1,9,方嘉柏,76,77
403,常得福,紐西蘭,4,2018,棗,閹,$0,$0,0,0,0,1,蘇偉賢,52,52
404,常拼常勇,愛爾蘭,5,2017,棗,閹,$0,"$4,209,000",1,2,1,13,苗禮德,85,89
405,平常心,澳洲,6,2016,栗,閹,"$490,875","$8,235,875",5,1,2,26,蘇偉賢,89,92
406,平海掌星,澳洲,6,2016,棗,閹,$0,"$7,298,670",6,3,1,26,蔡約翰,72,76
407,平海歡星,澳洲,7,2015,灰,閹,"$2,026,050","$5,626,300",4,3,1,28,蔡約翰,84,77
408,平行時空,法國,4,2018,栗,閹,$0,"$323,000",0,1,0,12,鄭俊偉,49,57
409,年少有威,澳洲,4,2018,棗,閹,"$853,200","$1,082,000",1,2,0,5,羅富全,61,54
410,年年友福,澳洲,4,2018,棕,閹,$0,$0,0,0,0,1,鄭俊偉,52,52
411,年年有裕,澳洲,5,2017,栗,閹,$0,"$228,800",0,1,0,2,姚本輝,54,54
412,年年豐盛,紐西蘭,4,2018,棗,閹,"$615,600","$1,499,600",2,1,0,7,姚本輝,64,59
413,幸福人生,澳洲,5,2017,棗,閹,$0,$0,0,0,0,9,文家良,47,48
414,幸福笑容,英國,6,2016,棗,閹,"$1,290,000","$26,553,600",4,4,3,27,沈集成,110,114
415,幸福老撾,愛爾蘭,5,2017,棗,閹,$0,"$5,340,200",3,1,0,24,鄭俊偉,69,72
416,幸福至上,愛爾蘭,4,2018,棗,閹,$0,"$2,735,750",2,1,2,11,沈集成,84,84
417,幸運之神,澳洲,4,2018,栗,閹,"$853,200","$1,071,600",1,1,1,7,方嘉柏,60,51
418,幸運傳奇,澳洲,6,2016,栗,閹,"$1,719,500","$5,881,110",4,5,4,28,羅富全,83,68
419,幸運勝駒,澳洲,6,2016,棕,閹,"$461,700","$1,959,900",4,0,1,25,丁冠豪,41,36
420,幸運天賜,澳洲,5,2017,棗,閹,"$189,000","$345,000",0,0,2,8,容天鵬,44,43
421,幸運旅程,澳洲,5,2017,棗,閹,"$860,550","$2,504,450",3,1,2,16,羅富全,64,61
422,幸運有您,澳洲,5,2017,棗,閹,"$2,112,000","$7,933,200",5,3,2,14,大衛希斯,99,92
423,幸運精選,澳洲,8,2014,栗,閹,"$64,800","$3,787,480",4,3,7,40,容天鵬,51,53
424,幸運雄威,紐西蘭,4,2018,棗,閹,$0,$0,0,0,0,0,容天鵬,52,52
425,幸運飛彈,紐西蘭,6,2016,棗,閹,$0,"$2,395,345",3,2,3,32,賀賢,43,48
426,度身訂做,英國,6,2016,栗,閹,"$513,000","$2,884,795",3,7,0,41,方嘉柏,47,46
427,建測羣英,紐西蘭,4,2018,棗,閹,$0,$0,0,0,0,1,伍鵬志,67,67
428,張燈結綵,英國,5,2017,棕,閹,$0,"$3,468,130",3,0,2,23,蔡約翰,68,76
429,彩虹之光,愛爾蘭,5,2017,灰,閹,"$810,000","$2,405,800",2,3,2,20,韋達,56,54
430,彩虹千里,澳洲,4,2018,棗,閹,$0,$0,0,0,0,0,羅富全,75,75
431,影疾,紐西蘭,7,2015,灰,閹,"$490,050","$2,195,330",2,2,3,33,葉楚航,42,36
432,得力寶駒,美國,4,2018,栗,閹,"$270,000","$1,673,500",1,2,3,19,呂健威,48,55
433,得勝多,紐西蘭,5,2017,棗,閹,"$167,400","$2,678,550",3,2,1,23,姚本輝,54,58
434,得意佳作,紐西蘭,4,2018,棗,閹,$0,"$301,600",0,0,2,8,姚本輝,46,49
435,得意醒,紐西蘭,4,2018,棕,閹,$0,$0,0,0,0,1,姚本輝,52,52
436,從所願,紐西蘭,5,2017,棕,閹,$0,"$72,800",0,0,0,10,高伯新,35,43
437,心之行,澳洲,5,2017,棗,閹,"$976,800","$5,250,850",2,5,4,19,呂健威,83,84
438,心想事成,澳洲,4,2018,棗,閹,"$124,200","$124,200",0,0,1,6,高伯新,43,48
439,心花放,法國,3,2019,棗,閹,$0,$0,0,0,0,0,高伯新,63,63
440,必先生,南非,5,2017,棗／棕,雄,"$163,875","$258,075",0,0,0,8,苗禮德,60,67
441,必跑得,澳洲,4,2018,栗,閹,"$275,400","$406,000",0,1,0,15,大衛希斯,42,44
442,必長勝,紐西蘭,6,2016,棗,閹,$0,"$7,162,500",4,3,3,20,文家良,98,98
443,志勝時機,紐西蘭,6,2016,棗,閹,"$379,500","$4,288,800",3,2,3,17,蔡約翰,79,80
444,志友盈,澳洲,4,2018,棗,閹,"$124,200","$899,000",1,0,2,8,姚本輝,58,58
445,忠肝義膽,澳洲,4,2018,棗,閹,$0,"$828,300",1,0,1,10,黎昭昇,66,67
446,忠誠駒,愛爾蘭,5,2017,棗,閹,$0,"$2,289,850",1,4,3,21,羅富全,63,66
447,快一步,澳洲,5,2017,棗／棕,閹,"$349,920","$1,889,800",1,3,2,20,伍鵬志,46,45
448,快勝的,澳洲,4,2018,棗,閹,$0,$0,0,0,0,3,大衛希斯,47,52
449,快如龍,澳洲,3,2019,棕,閹,"$37,800","$37,800",0,0,0,1,黎昭昇,52,52
450,快快發,澳洲,3,2019,棗,閹,$0,$0,0,0,0,0,伍鵬志,52,52
451,快感,澳洲,3,2019,栗,閹,$0,$0,0,0,0,0,高伯新,52,52
452,快搏,澳洲,5,2017,棗,閹,"$332,500","$1,588,500",1,0,3,12,賀賢,75,74
453,快樂鐘聲,澳洲,4,2018,棗,閹,$0,$0,0,0,0,3,鄭俊偉,46,51
454,快步速,澳洲,7,2015,棗,閹,$0,"$4,858,365",4,4,6,39,方嘉柏,51,53
455,快狠準,紐西蘭,3,2019,棗,閹,$0,$0,0,0,0,0,賀賢,52,52
456,快錢,澳洲,3,2019,棗,閹,"$102,600","$102,600",0,0,0,2,蔡約翰,51,52
457,快首快腳,澳洲,3,2019,棗,閹,$0,$0,0,0,0,0,文家良,52,52
458,快馬加鞭,澳洲,2,2020,棕,閹,$0,$0,0,0,0,0,丁冠豪,,
459,怡勁力,澳洲,3,2019,棕,閹,$0,$0,0,0,0,0,黎昭昇,64,64
460,怡心聲,澳洲,5,2017,棗,閹,"$1,119,300","$3,135,100",4,1,0,20,姚本輝,68,59
461,怡昌勇士,澳洲,6,2016,棗,閹,"$615,600","$1,656,000",2,1,0,18,賀賢,48,43
462,怡昌勇駒,愛爾蘭,4,2018,棗,閹,$0,$0,0,0,0,9,苗禮德,29,37
463,怪獸奇兵,紐西蘭,5,2017,棗,閹,"$782,800","$4,217,260",3,4,1,21,文家良,66,69
464,怪獸豪俠,紐西蘭,4,2018,棕,閹,$0,$0,0,0,0,6,何良,40,51
465,恆駿之寶,愛爾蘭,4,2018,栗,閹,$0,$0,0,0,0,9,蘇偉賢,29,34
466,恐龍仔,澳洲,4,2018,栗,閹,$0,$0,0,0,0,0,容天鵬,52,52
467,悅風雲,南非,6,2016,棗,閹,"$955,800","$1,047,150",1,1,0,22,丁冠豪,58,53
468,悠悠我心,紐西蘭,3,2019,栗,閹,$0,$0,0,0,0,0,賀賢,52,52
469,想見你,澳洲,4,2018,棕,閹,"$340,200","$1,099,400",0,3,2,13,沈集成,51,53
470,愛任性,紐西蘭,4,2018,棗,閹,$0,$0,0,0,0,6,丁冠豪,39,44
471,愛馬善,紐西蘭,3,2019,棗,閹,$0,$0,0,0,0,0,鄭俊偉,52,52
472,慶萬家,紐西蘭,4,2018,棗,閹,"$733,050","$733,050",1,1,1,11,何良,35,28
473,慷慨友,澳洲,4,2018,棕,閹,$0,$0,0,0,0,2,葉楚航,49,52
474,成功星駒,南非,7,2015,棗,閹,"$93,150","$1,362,600",2,2,1,21,高伯新,27,29
475,成功財富,澳洲,5,2017,棗,閹,"$313,200","$313,200",0,0,2,10,丁冠豪,53,54
476,成才,愛爾蘭,8,2014,棗,閹,"$615,600","$6,917,900",7,4,8,73,大衛希斯,57,58
477,我為您,紐西蘭,4,2018,栗,閹,$0,$0,0,0,0,1,伍鵬志,52,52
478,戰熊三千,紐西蘭,6,2016,棗,閹,"$103,500","$4,830,315",4,4,6,30,賀賢,68,70
479,戰舞者,日本,5,2017,栗,雄,$0,"$2,600,000",0,0,1,1,堀宣行,,
480,戰鬥英雄,澳洲,6,2016,棗,閹,$0,"$4,133,295",4,4,6,42,方嘉柏,58,67
481,投資有利,澳洲,5,2017,棗,閹,$0,$0,0,0,0,12,鄭俊偉,30,34
482,拉丁城市,日本,5,2017,棗,雌,$0,"$5,280,000",0,1,0,2,松下武士,,
483,拍馬難追,南非,6,2016,棗,閹,"$60,375","$900,325",0,2,0,12,苗禮德,66,70
484,指數定律,愛爾蘭,4,2018,棗,雄,"$3,000,000","$3,000,000",0,0,1,1,凌靄琛,,
485,捷報,英國,5,2017,栗,閹,"$145,800","$1,015,850",0,2,2,29,方嘉柏,27,37
486,揚威四方,澳洲,4,2018,棗,閹,$0,$0,0,0,0,8,何良,29,35
487,揚揚大道,澳洲,4,2018,棗,閹,"$167,400","$292,200",0,0,0,11,羅富全,42,43
488,摘星光輝,澳洲,6,2016,棗,閹,"$93,150","$756,150",1,1,1,20,鄭俊偉,39,40
489,摯多福,澳洲,5,2017,棗,閹,"$37,800","$37,800",0,0,0,13,徐雨石,45,52
490,撼天鐵翼,愛爾蘭,3,2019,灰,閹,$0,$0,0,0,0,0,苗禮德,78,78
491,攻頂,澳洲,5,2017,棗,閹,"$198,375","$1,373,375",2,0,1,9,賀賢,63,66
492,敬禮,澳洲,4,2018,棗,閹,"$37,800","$37,800",0,0,0,6,姚本輝,40,49
493,文明之星,澳洲,6,2016,栗,閹,"$1,362,750","$4,915,000",4,1,3,25,丁冠豪,77,70
494,新力寶,澳洲,8,2014,栗,閹,$0,"$5,605,000",5,2,1,36,蘇偉賢,85,85
495,新力高升,澳洲,4,2018,棗,閹,"$1,409,850","$2,002,650",2,1,1,6,蘇偉賢,67,60
496,新境界,英國,5,2017,棗,閹,"$124,200","$789,800",1,0,1,14,文家良,52,54
497,新威力,紐西蘭,6,2016,棗,閹,"$64,800","$2,093,800",2,1,2,28,黎昭昇,49,52
498,新威煌,紐西蘭,6,2016,棗,閹,$0,"$1,440,800",2,0,2,22,黎昭昇,41,45
499,旅英福星,愛爾蘭,6,2016,棗,閹,"$1,150,200","$2,234,800",2,3,2,34,呂健威,34,24
500,旅遊小子,澳洲,3,2019,棗／棕,閹,$0,$0,0,0,0,0,高伯新,52,52
501,旅遊達人,紐西蘭,5,2017,棕,閹,"$76,950","$459,450",0,1,0,18,徐雨石,22,26
502,旅遊高球,英國,3,2019,棗,閹,$0,$0,0,0,0,2,葉楚航,61,63
503,旋里多彩,澳洲,7,2015,黑,閹,"$1,389,420","$3,387,130",3,2,3,44,黎昭昇,48,32
504,旋風飛影,法國,4,2018,灰,閹,$0,"$3,988,250",4,3,0,17,蔡約翰,80,83
505,旌鷹,英國,4,2018,棗,閹,"$103,500","$1,053,350",1,0,0,9,姚本輝,67,67
506,旗幟鬥士,澳洲,4,2018,棗,閹,$0,$0,0,0,0,0,大衛希斯,77,77
507,日就月將,紐西蘭,6,2016,栗,閹,"$237,600","$3,177,420",2,5,5,28,賀賢,50,49
508,日新月著,澳洲,4,2018,棗,雄,$0,"$291,200",0,1,0,4,賀賢,52,52
509,日日友,澳洲,4,2018,棕,閹,$0,$0,0,0,0,0,羅富全,52,52
510,日日型,澳洲,5,2017,棕,閹,"$501,975","$3,159,325",2,2,3,19,羅富全,79,82
511,日日夠,阿根廷,6,2016,棗,閹,"$93,150","$907,650",0,3,3,22,文家良,26,33
512,日日美麗,愛爾蘭,3,2019,栗,閹,$0,$0,0,0,0,0,蔡約翰,74,74
513,日日靚,澳洲,7,2015,棗,閹,"$234,900","$3,422,875",3,5,4,48,方嘉柏,27,31
514,日照飛駿,日本,6,2016,栗,雄,$0,$0,0,0,0,1,宗像義忠,,
515,日輝煌,紐西蘭,5,2017,棕,閹,"$869,400","$1,990,200",1,3,3,22,沈集成,50,42
516,旭日光,澳洲,4,2018,棕,閹,$0,$0,0,0,0,3,羅富全,61,64
517,旭日昇,澳洲,5,2017,棗,閹,"$667,500","$3,118,750",1,4,0,17,伍鵬志,77,78
518,旭日暉,愛爾蘭,3,2019,栗,閹,$0,$0,0,0,0,3,韋達,68,72
519,旺旺神駒,澳洲,4,2018,棕,閹,"$83,160","$83,160",0,0,0,2,沈集成,52,52
520,旺鋪永勝,澳洲,4,2018,棗／棕,閹,$0,$0,0,0,0,7,告東尼,36,41
521,昆仲猴王,澳洲,5,2017,栗,閹,$0,$0,0,0,0,2,文家良,61,63
522,明欣賞,澳洲,7,2015,棗,閹,$0,"$5,061,700",4,4,5,42,賀賢,61,70
523,明駿福星,澳洲,4,2018,棗,閹,"$486,000","$870,800",0,2,3,14,蔡約翰,48,49
524,星之寶,澳洲,4,2018,棗,閹,$0,$0,0,0,0,3,黎昭昇,59,63
525,星冠王,澳洲,3,2019,棗,閹,$0,$0,0,0,0,0,黎昭昇,52,52
526,星叻無敵,澳洲,4,2018,棗,閹,$0,"$228,800",0,1,0,7,文家良,45,52
527,星河小子,澳洲,4,2018,栗,閹,"$37,800","$74,200",0,0,0,9,容天鵬,49,52
528,星洲之光,阿根廷,4,2018,棗,閹,$0,$0,0,0,0,3,苗禮德,63,68
529,星洲駿馬,澳洲,4,2018,棗,閹,"$162,000","$1,046,000",1,1,1,9,告東尼,52,51
530,星耀王者,澳洲,4,2018,棗,閹,$0,"$3,124,300",3,1,0,11,伍鵬志,85,86
531,星運子爵,英國,6,2016,栗,閹,$0,"$8,218,000",4,5,3,29,方嘉柏,89,92
532,星運明爵,澳洲,7,2015,棗,閹,"$237,600","$4,938,900",3,4,3,45,方嘉柏,60,60
533,星際精英,紐西蘭,6,2016,棗,閹,"$124,200","$2,166,845",2,2,3,20,容天鵬,58,60
534,星雲浩騰,紐西蘭,4,2018,棗,閹,$0,$0,0,0,0,2,葉楚航,64,66
535,是必飛飛,澳洲,6,2016,棗,閹,"$248,400","$2,708,160",2,3,5,30,苗禮德,48,49
536,時光勇士,愛爾蘭,3,2019,棗,閹,$0,$0,0,0,0,0,大衛希斯,63,63
537,時尚歡欣,紐西蘭,4,2018,栗,閹,$0,$0,0,0,0,0,容天鵬,52,52
538,時時好運,英國,4,2018,棗,閹,$0,"$180,550",0,0,1,9,高伯新,53,62
539,時時有餘,紐西蘭,7,2015,棗,閹,$0,"$13,308,500",2,4,2,25,方嘉柏,105,105
540,時時歡呼,澳洲,5,2017,棗,閹,$0,"$2,315,750",2,1,1,5,告東尼,83,83
541,時時滿意,英國,3,2019,棕,閹,"$2,131,800","$6,883,800",3,3,0,11,告東尼,103,100
542,時時稱心,紐西蘭,4,2018,棗,閹,$0,$0,0,0,0,0,告東尼,65,65
543,晉神,澳洲,7,2015,棕,閹,"$977,400","$3,858,705",3,5,5,47,葉楚航,54,46
544,晴王,紐西蘭,4,2018,栗,閹,"$302,400","$338,800",0,1,0,3,鄭俊偉,54,52
545,晶晶日上,澳洲,3,2019,棗,閹,$0,$0,0,0,0,1,容天鵬,68,68
546,智勁駒,愛爾蘭,3,2019,棗,閹,$0,$0,0,0,0,6,呂健威,60,70
547,智勇神駒,巴西,4,2018,棗,閹,"$217,500","$217,500",0,0,0,5,沈集成,72,78
548,智勝攻略,紐西蘭,3,2019,棗,閹,$0,$0,0,0,0,0,伍鵬志,52,52
549,智勝龍,澳洲,4,2018,栗,閹,$0,$0,0,0,0,0,蘇偉賢,52,52
550,智慧神駒,德國,5,2017,栗,閹,"$379,500","$1,446,500",0,2,2,10,苗禮德,80,79
551,暖在你心,愛爾蘭,5,2017,棕,閹,$0,"$6,409,650",3,4,4,31,呂健威,93,98
552,暴風帥,紐西蘭,3,2019,栗,閹,$0,$0,0,0,0,0,何良,52,52
553,曉贏,澳洲,4,2018,棗,閹,$0,$0,0,0,0,0,羅富全,52,52
554,最多歡笑,澳洲,4,2018,灰,閹,$0,$0,0,0,0,3,何良,47,52
555,月球,紐西蘭,5,2017,棗,閹,$0,"$2,227,400",3,1,2,18,黎昭昇,55,56
556,有主意,紐西蘭,4,2018,棕,閹,"$103,500","$4,505,100",4,4,3,21,羅富全,71,74
557,有何不可,法國,4,2018,灰,閹,$0,"$647,750",1,0,0,11,黎昭昇,56,64
558,有你有我,澳洲,4,2018,棕,閹,$0,$0,0,0,0,0,丁冠豪,52,52
559,有力,澳洲,6,2016,棗,閹,"$178,200","$1,039,050",1,3,0,21,鄭俊偉,31,32
560,有緣人,愛爾蘭,5,2017,棗,閹,$0,"$2,525,800",3,2,1,17,蔡約翰,62,62
561,有苗頭,紐西蘭,6,2016,棗,閹,"$28,350","$1,586,700",2,3,1,27,徐雨石,35,39
562,有財有勢,紐西蘭,4,2018,棗,閹,$0,$0,0,0,0,2,蔡約翰,50,52
563,有運來,澳洲,5,2017,棕,閹,$0,"$1,396,800",1,2,2,16,沈集成,45,45
564,有鴻利,澳洲,5,2017,栗,閹,"$739,800","$2,175,000",2,3,2,16,姚本輝,58,52
565,朗朗乾坤,紐西蘭,4,2018,棗,閹,"$60,375","$60,375",0,0,0,4,大衛希斯,61,63
566,木火兄弟,紐西蘭,4,2018,棕,閹,"$2,295,400","$3,117,000",3,2,0,11,何良,72,55
567,木火同明,紐西蘭,7,2015,棗,閹,$0,"$5,399,120",5,5,4,47,何良,54,60
568,本初之海,日本,5,2017,棗,雄,$0,$0,0,0,0,1,矢作芳人,,
569,杭州飛輪,澳洲,5,2017,棗,閹,"$435,975","$1,508,475",1,2,2,11,沈集成,58,58
570,東方精神,澳洲,4,2018,棗,閹,$0,$0,0,0,0,0,大衛希斯,52,52
571,東方飛影,澳洲,5,2017,棗,閹,"$3,774,900","$5,534,800",4,3,4,12,大衛希斯,90,69
572,東風壹號,澳洲,4,2018,灰,閹,"$461,700","$524,100",1,0,0,10,姚本輝,42,39
573,林家準將,澳洲,5,2017,棗,閹,$0,$0,0,0,0,1,馬定賢,,
574,果然僥倖,澳洲,3,2019,棗,閹,$0,$0,0,0,0,0,大衛希斯,52,52
575,果然駿,澳洲,4,2018,棗,閹,"$37,800","$219,800",0,0,1,6,方嘉柏,48,52
576,架勢奇爸,紐西蘭,5,2017,棕,閹,"$379,500","$379,500",0,1,0,7,容天鵬,68,71
577,柏林探戈,英國,5,2017,棗,閹,"$2,088,000","$5,330,000",2,1,4,24,告東尼,98,92
578,桃花多,澳洲,4,2018,栗,閹,"$928,800","$1,277,200",1,2,1,12,告東尼,50,44
579,桃花盛,澳洲,6,2016,棗／棕,閹,"$3,042,150","$5,656,200",5,2,4,32,告東尼,84,61
580,桃花雲,愛爾蘭,3,2019,栗,閹,$0,$0,0,0,0,0,告東尼,78,78
581,植物科研,愛爾蘭,4,2018,棗,閹,"$4,840,000","$4,840,000",0,1,0,1,費伯華,,
582,楚霸王,澳洲,5,2017,棗,閹,$0,"$570,000",1,0,0,1,蘇偉賢,60,60
583,極爽,澳洲,8,2014,棗,閹,$0,"$2,081,240",3,1,1,36,丁冠豪,33,35
584,極速之星,紐西蘭,4,2018,棗,閹,$0,$0,0,0,0,4,賀賢,44,52
585,極速俠,紐西蘭,4,2018,棗,閹,$0,$0,0,0,0,4,丁冠豪,41,43
586,極速滿貫,紐西蘭,4,2018,棗,閹,$0,$0,0,0,0,4,黎昭昇,45,47
587,極速飛彈,愛爾蘭,5,2017,棗,閹,"$285,000","$2,145,450",1,2,2,16,姚本輝,74,76
588,樂加福,澳洲,4,2018,棗,閹,"$162,000","$437,600",0,0,3,9,韋達,42,46
589,樂天派,紐西蘭,5,2017,栗,閹,"$676,350","$1,453,150",1,2,4,20,大衛希斯,38,33
590,樂捉鳥,愛爾蘭,3,2019,棗,閹,"$37,800","$37,800",0,0,0,1,沈集成,52,52
591,樂滿貫,澳洲,5,2017,棗,閹,"$1,161,600","$8,232,100",3,5,2,27,告東尼,93,90
592,機械戰士,澳洲,7,2015,栗,閹,$0,"$2,065,700",2,2,2,20,姚本輝,60,64
593,機械武士,澳洲,4,2018,棕,閹,$0,$0,0,0,0,0,姚本輝,52,52
594,機緣巧俠,紐西蘭,8,2014,棗,閹,$0,"$3,287,658",4,2,4,36,文家良,46,52
595,歐洲傳奇,紐西蘭,4,2018,棗,閹,$0,$0,0,0,0,0,呂健威,65,65
596,歐洲導彈,愛爾蘭,5,2017,棗,閹,"$271,350","$536,550",0,2,1,21,鄭俊偉,33,33
597,歡喜福星,愛爾蘭,3,2019,栗,閹,$0,"$403,750",0,2,0,4,方嘉柏,53,54
598,歡樂好友,愛爾蘭,6,2016,棗,閹,"$461,700","$2,638,790",2,3,5,34,蘇偉賢,43,38
599,歡樂至寶,紐西蘭,3,2019,棗,閹,$0,$0,0,0,0,0,呂健威,52,52
600,歡樂頌,愛爾蘭,5,2017,棗,閹,"$37,800","$147,700",0,0,0,12,韋達,52,63
601,歡欣福星,美國,5,2017,棕,閹,$0,"$7,251,550",5,2,4,23,呂健威,86,86
602,正氣青驅,澳洲,3,2019,栗,閹,$0,$0,0,0,0,2,告東尼,50,52
603,步大威猛,澳洲,4,2018,栗,閹,"$1,231,200","$1,231,200",2,0,0,2,姚本輝,69,52
604,步履如風,澳洲,4,2018,棗,閹,"$439,875","$439,875",0,1,0,2,容天鵬,65,63
605,武林至尊,澳洲,3,2019,棗,雄,$0,$0,0,0,0,1,大衛希斯,52,52
606,殿鋒,澳洲,3,2019,栗,閹,$0,$0,0,0,0,0,高伯新,52,52
607,水晶酒杯,紐西蘭,4,2018,棕,閹,"$475,200","$475,200",0,2,0,2,蔡約翰,54,52
608,水箭龜,澳洲,7,2015,棗,閹,"$66,500","$6,173,065",4,6,6,40,苗禮德,60,67
609,永遠朋友,愛爾蘭,3,2019,棗,閹,$0,"$535,500",1,0,0,2,方嘉柏,57,57
610,永遠美麗,澳洲,4,2018,栗,閹,"$813,975","$813,975",1,0,1,2,蔡約翰,65,52
611,泉龍駒,愛爾蘭,5,2017,棗,閹,"$198,375","$198,375",0,0,1,6,丁冠豪,65,67
612,波爾多,愛爾蘭,4,2018,棗,閹,$0,"$1,821,200",1,2,1,12,蔡約翰,67,70
613,波爾明,愛爾蘭,6,2016,棗,雄,$0,$0,0,0,0,1,岳伯仁,,
614,洪運派彩,澳洲,4,2018,棗,閹,$0,$0,0,0,0,0,徐雨石,52,52
615,活力多多,澳洲,3,2019,棗,閹,$0,$0,0,0,0,1,伍鵬志,52,52
616,浪漫勇士,愛爾蘭,4,2018,棗,閹,"$22,230,000","$62,195,400",9,0,0,10,沈集成,130,122
617,浪漫組合,愛爾蘭,5,2017,棕,閹,"$114,000","$4,123,400",3,1,6,26,沈集成,76,76
618,浪漫老撾,紐西蘭,4,2018,棗,閹,$0,$0,0,0,0,0,黎昭昇,52,52
619,浪漫風采,紐西蘭,4,2018,棗,閹,$0,$0,0,0,0,0,沈集成,,
620,浪茄仔,澳洲,3,2019,棗,閹,$0,$0,0,0,0,0,告東尼,52,52
621,海島材子,紐西蘭,6,2016,栗,閹,$0,"$3,450,505",4,2,1,32,姚本輝,62,63
622,海王駒,愛爾蘭,5,2017,棗,閹,$0,"$721,950",1,0,1,20,鄭俊偉,26,26
623,海豚星,澳洲,6,2016,棕,閹,"$37,800","$2,163,400",3,1,1,19,徐雨石,54,57
624,淺草飛,澳洲,7,2015,棗,閹,"$76,950","$728,550",0,1,2,22,黎昭昇,36,36
625,添有運,澳洲,5,2017,棗,閹,$0,"$672,000",1,0,1,15,蘇偉賢,36,38
626,添濼意,澳洲,4,2018,栗,閹,"$2,466,250","$2,466,250",1,1,0,4,羅富全,76,64
627,添福,澳洲,3,2019,棗,閹,$0,$0,0,0,0,0,姚本輝,52,52
628,添開心,紐西蘭,3,2019,棗,閹,$0,$0,0,0,0,0,伍鵬志,52,52
629,港林福將,澳洲,3,2019,栗,閹,$0,$0,0,0,0,0,羅富全,52,52
630,游戲人間,澳洲,4,2018,棗,閹,$0,"$228,800",0,1,0,9,沈集成,36,40
631,源源動力,澳洲,7,2015,棗,閹,$0,"$3,118,450",4,0,1,26,伍鵬志,52,65
632,滿冠熊,美國,7,2015,棗,閹,$0,"$3,865,950",3,2,2,32,賀賢,70,74
633,滿多福,紐西蘭,3,2019,棗,閹,$0,$0,0,0,0,0,黎昭昇,52,52
634,滿歡笑,紐西蘭,3,2019,棗,閹,$0,$0,0,0,0,0,鄭俊偉,52,52
635,滿貫摯友,紐西蘭,5,2017,棗,閹,"$299,700","$408,900",0,1,1,16,韋達,28,31
636,滿載歸來,紐西蘭,3,2019,棗／棕,閹,$0,$0,0,0,0,1,容天鵬,52,52
637,滿風雲,紐西蘭,4,2018,棗,閹,$0,$0,0,0,0,3,丁冠豪,46,51
638,潮州大兄,澳洲,5,2017,棕／灰,閹,"$1,101,600","$1,343,600",2,1,1,15,容天鵬,43,30
639,潮州精神,澳洲,3,2019,棗,雄,$0,$0,0,0,0,0,容天鵬,70,70
640,澳國勳章,愛爾蘭,5,2017,棗,雄,$0,"$500,000",0,0,0,2,岳伯仁,,
641,澳華威威,澳洲,6,2016,棗,閹,"$206,550","$268,850",0,1,0,17,賀賢,35,36
642,激光天下,澳洲,3,2019,棗／棕,閹,$0,$0,0,0,0,0,黎昭昇,52,52
643,瀑布,澳洲,4,2018,棗,閹,$0,$0,0,0,0,2,黎昭昇,61,63
644,瀟灑一生,澳洲,5,2017,棕,閹,$0,$0,0,0,0,8,高伯新,35,41
645,火鑽,紐西蘭,5,2017,棗,閹,"$2,214,450","$2,900,850",3,2,1,12,容天鵬,73,51
646,火雲神劍,巴西,4,2018,棗,閹,$0,$0,0,0,0,1,沈集成,67,67
647,為您鍾情,澳洲,4,2018,栗,閹,"$540,000","$659,600",0,2,1,7,羅富全,53,50
648,烈火駿馬,澳洲,3,2019,棗,閹,$0,$0,0,0,0,0,姚本輝,52,52
649,烈風,美國,4,2018,深棗／棕,閹,"$1,966,500","$3,481,900",3,3,1,10,蔡約翰,80,63
650,烽煙載喜,澳洲,4,2018,棗,閹,$0,$0,0,0,0,5,大衛希斯,42,44
651,焌豐,紐西蘭,3,2019,棗,閹,$0,$0,0,0,0,1,徐雨石,52,52
652,無可限量,紐西蘭,5,2017,栗,閹,$0,"$779,000",0,1,4,13,大衛希斯,43,43
653,無名駒,紐西蘭,4,2018,棗,閹,$0,$0,0,0,0,13,何良,16,31
654,無心睡眠,澳洲,7,2015,棗,閹,"$507,500","$5,655,310",5,2,6,32,鄭俊偉,83,83
655,無敵勇士,澳洲,6,2016,棗,閹,$0,"$5,299,285",3,6,5,33,文家良,53,53
656,無敵精英,紐西蘭,4,2018,棗,閹,"$951,750","$951,750",1,1,2,16,伍鵬志,36,31
657,焦點,澳洲,4,2018,棕,閹,$0,$0,0,0,0,0,呂健威,65,65
658,熊噹噹,澳洲,4,2018,棗,閹,$0,$0,0,0,0,0,苗禮德,52,52
659,燈胆友,紐西蘭,7,2015,棗,閹,$0,"$570,000",1,0,0,2,葉楚航,56,56
660,燈胆大亨,澳洲,3,2019,栗,閹,$0,$0,0,0,0,0,黎昭昇,52,52
661,燈胆王子,紐西蘭,4,2018,棗,閹,$0,$0,0,0,0,4,葉楚航,43,45
662,燈胆神龍,紐西蘭,4,2018,棕,閹,$0,$0,0,0,0,0,葉楚航,52,52
663,燊榮之星,愛爾蘭,4,2018,棗,閹,"$3,156,500","$3,556,850",1,2,3,7,沈集成,75,66
664,營造創科,澳洲,3,2019,棗,閹,$0,$0,0,0,0,0,呂健威,52,52
665,營造組裝,澳洲,3,2019,棗,閹,$0,$0,0,0,0,0,呂健威,52,52
666,爆熱,法國,3,2019,棗,雄,"$158,400","$158,400",0,0,0,2,方嘉柏,84,82
667,爆谷,英國,5,2017,栗,閹,"$37,800","$2,386,800",3,2,1,21,告東尼,53,56
668,爸巴閉,澳洲,6,2016,棗,閹,"$631,800","$1,609,990",2,1,1,34,徐雨石,40,32
669,爽快,愛爾蘭,3,2019,棗,閹,"$66,500","$66,500",0,0,0,1,羅富全,68,68
670,牛皇頭,美國,4,2018,棕,閹,"$379,500","$850,500",0,1,2,12,鄭俊偉,58,62
671,特別美麗,澳洲,3,2019,棕,閹,$0,$0,0,0,0,0,羅富全,68,68
672,特威,紐西蘭,4,2018,棕,閹,$0,$0,0,0,0,0,蘇偉賢,52,52
673,特攻,澳洲,5,2017,棗,閹,"$75,600","$808,800",0,2,2,13,大衛希斯,48,51
674,特醒,澳洲,8,2014,棗,閹,"$853,200","$4,227,780",4,5,1,52,方嘉柏,53,43
675,牽旺加富,愛爾蘭,6,2016,栗,閹,"$218,500","$3,785,000",2,4,1,22,韋達,78,78
676,狀元及第,澳洲,4,2018,棗,閹,"$2,663,200","$7,277,850",5,4,1,13,告東尼,98,87
677,狀元王,澳洲,3,2019,棗,閹,$0,$0,0,0,0,0,文家良,52,52
678,獎星,紐西蘭,4,2018,栗,閹,$0,$0,0,0,0,1,羅富全,76,76
679,獎金大王,澳洲,8,2014,棗,閹,"$64,800","$4,923,540",4,1,5,48,葉楚航,56,66
680,獨角獸,紐西蘭,4,2018,棗,閹,$0,$0,0,0,0,0,方嘉柏,52,52
681,獵狐者威,紐西蘭,5,2017,棗,閹,"$178,200","$214,600",0,1,0,16,呂健威,28,32
682,玉樹臨風,紐西蘭,5,2017,棗,閹,"$214,650","$214,650",0,0,2,11,方嘉柏,30,35
683,王炸,澳洲,6,2016,棗,閹,"$332,500","$3,369,150",1,5,2,23,方嘉柏,69,74
684,玖寶,法國,6,2016,棕,閹,"$711,500","$11,584,250",1,4,8,38,韋達,101,105
685,玖玖不忘,紐西蘭,4,2018,棗,閹,$0,$0,0,0,0,0,賀賢,52,52
686,玩具達人,澳洲,7,2015,棗,閹,"$64,800","$2,905,700",2,3,3,34,姚本輝,54,59
687,珍珠哥,紐西蘭,3,2019,棕,閹,$0,$0,0,0,0,0,葉楚航,52,52
688,瑪瑙,澳洲,4,2018,棗,閹,"$3,962,400","$5,824,900",2,3,0,7,羅富全,100,87
689,瑪神滿紛,澳洲,6,2016,栗,閹,"$114,000","$936,300",1,0,1,15,容天鵬,56,62
690,瑪蓮必勝,日本,5,2017,栗,雌,"$12,540,000","$12,540,000",1,0,0,1,手塚貴久,,
691,瑰麗人生,紐西蘭,4,2018,棗,閹,$0,$0,0,0,0,0,呂健威,52,52
692,生生勝勝,紐西蘭,7,2015,棕,閹,"$818,100","$3,356,575",3,6,5,51,姚本輝,42,29
693,生生福運,愛爾蘭,5,2017,栗,閹,$0,"$727,850",1,0,2,23,徐雨石,26,31
694,當家信心,澳洲,5,2017,棗,閹,"$64,800","$1,491,600",2,1,1,26,蔡約翰,38,44
695,當家猴王,澳洲,6,2016,栗,雄,$0,"$16,237,750",3,7,1,31,韋達,113,119
696,當家精神,澳洲,5,2017,棗,閹,$0,"$3,762,350",4,0,2,12,韋達,85,85
697,當年情,阿根廷,4,2018,棗,閹,$0,$0,0,0,0,0,告東尼,80,80
698,疾風勁草,愛爾蘭,6,2016,棕,閹,"$60,375","$5,058,550",3,2,6,43,黎昭昇,59,63
699,疾風明駒,紐西蘭,6,2016,棗,閹,"$776,250","$4,164,400",3,1,4,28,蔡約翰,69,68
700,發財先鋒,紐西蘭,5,2017,棕,閹,"$6,610,000","$12,859,000",1,4,5,15,羅富全,110,95
701,發財大師,愛爾蘭,3,2019,棗,閹,"$37,800","$37,800",0,0,0,1,伍鵬志,52,52
702,發財好市,紐西蘭,6,2016,棗,閹,"$615,600","$1,323,400",2,0,1,7,丁冠豪,66,59
703,發財秘笈,愛爾蘭,3,2019,棗,閹,$0,"$54,950",0,0,0,4,伍鵬志,57,63
704,白鷺高超,澳洲,4,2018,栗,閹,"$439,875","$1,323,875",1,2,0,7,苗禮德,62,60
705,百勝名駒,愛爾蘭,5,2017,栗,閹,$0,"$3,157,300",2,4,0,14,呂健威,75,75
706,百威星,澳洲,3,2019,棗,閹,$0,$0,0,0,0,0,呂健威,52,52
707,百發百中,澳洲,4,2018,棗,閹,$0,$0,0,0,0,1,賀賢,63,63
708,皆大開心,紐西蘭,6,2016,棕,閹,$0,"$1,760,200",3,0,0,16,容天鵬,58,59
709,皇仁福星,澳洲,3,2019,栗,閹,$0,$0,0,0,0,0,伍鵬志,52,52
710,皇寶,英國,5,2017,棗,閹,"$218,500","$4,951,350",4,4,5,24,羅富全,77,77
711,皇帝英明,澳洲,4,2018,棗,閹,"$653,400","$653,400",1,0,0,6,韋達,50,47
712,皇帝金,澳洲,6,2016,棗,閹,"$218,500","$3,105,900",2,2,2,27,大衛希斯,66,71
713,皇者精芯,澳洲,5,2017,栗,閹,$0,"$1,185,600",2,0,0,4,大衛希斯,70,70
714,皇者驕傲,澳洲,5,2017,棗,閹,"$900,720","$1,337,070",1,1,0,20,方嘉柏,60,56
715,皇金風速,紐西蘭,4,2018,棗,閹,$0,$0,0,0,0,4,苗禮德,40,51
716,皇龍上將,澳洲,4,2018,棗／棕,閹,$0,$0,0,0,0,3,高伯新,63,67
717,皇龍帝國,澳洲,5,2017,棕／灰,閹,$0,"$1,432,600",2,1,1,18,徐雨石,45,50
718,皇龍福將,紐西蘭,5,2017,栗,閹,$0,"$2,734,000",3,1,0,17,羅富全,68,71
719,皮具之星,澳洲,7,2015,棕,閹,"$1,886,800","$3,431,125",3,5,3,29,容天鵬,63,42
720,皮具先鋒,澳洲,4,2018,棗,閹,$0,"$821,600",1,1,0,4,容天鵬,59,59
721,皮具大師,紐西蘭,3,2019,栗,閹,$0,$0,0,0,0,0,容天鵬,52,52
722,盈嘉輝,紐西蘭,8,2014,栗,閹,"$178,200","$3,932,050",2,4,7,52,徐雨石,33,38
723,盈嵐,澳洲,5,2017,棕,閹,"$2,232,500","$3,383,800",3,1,1,13,容天鵬,77,64
724,盛世名駒,紐西蘭,4,2018,棗,閹,"$37,800","$37,800",0,0,0,1,葉楚航,52,52
725,直線力山,澳洲,4,2018,棗,閹,$0,$0,0,0,0,0,大衛希斯,77,77
726,真感,澳洲,5,2017,棗／棕,閹,$0,"$1,071,600",0,3,2,18,高伯新,29,34
727,真真假假,愛爾蘭,3,2019,灰,閹,$0,$0,0,0,0,0,蘇偉賢,52,52
728,眾歡笑,澳洲,7,2015,棗,閹,"$739,800","$3,592,370",3,6,1,30,鄭俊偉,52,46
729,着着領先,愛爾蘭,3,2019,栗,閹,"$124,200","$153,950",0,0,1,7,葉楚航,43,48
730,睡眠攻略,南非,7,2015,棗,閹,$0,"$2,100,855",2,3,1,40,高伯新,27,34
731,知足常樂,澳洲,4,2018,栗,閹,$0,$0,0,0,0,2,羅富全,75,76
732,知道再勝,澳洲,5,2017,棗／棕,閹,"$379,500","$4,541,450",3,4,3,20,沈集成,80,81
733,知道必勝,澳洲,6,2016,棗,閹,"$303,600","$9,217,490",6,7,5,41,沈集成,92,91
734,石器時代,愛爾蘭,3,2019,棗,雄,"$726,000","$726,000",0,0,0,1,岳伯仁,,
735,石師傅,澳洲,4,2018,棕,閹,$0,$0,0,0,0,2,徐雨石,49,52
736,砂漿盈豐,紐西蘭,5,2017,棗／棕,閹,$0,$0,0,0,0,0,何良,52,52
737,砂漿金剛,澳洲,4,2018,栗,閹,"$189,000","$225,400",0,0,1,5,丁冠豪,48,51
738,砂煲威威,澳洲,3,2019,棗,閹,$0,$0,0,0,0,0,大衛希斯,52,52
739,確妙星,愛爾蘭,7,2015,栗,閹,"$1,162,800","$3,375,280",1,3,2,25,容天鵬,74,71
740,神之水滴,澳洲,5,2017,栗,閹,"$483,000","$4,455,750",3,3,3,19,蔡約翰,72,77
741,神彩勇士,澳洲,4,2018,栗,閹,$0,"$592,800",1,0,0,2,方嘉柏,58,58
742,神朗金剛,澳洲,6,2016,棗,閹,"$727,650","$1,922,350",2,3,1,24,葉楚航,44,37
743,神煞金剛,紐西蘭,3,2019,棗,閹,$0,$0,0,0,0,0,葉楚航,52,52
744,神舟十二,澳洲,4,2018,棕,閹,$0,$0,0,0,0,3,徐雨石,46,51
745,神舟時代,澳洲,6,2016,棗,閹,"$64,800","$774,100",1,0,2,16,丁冠豪,40,41
746,神舟皓祥,澳洲,4,2018,棗,閹,$0,$0,0,0,0,0,丁冠豪,66,66
747,神舟飛駒,英國,4,2018,棗,閹,$0,$0,0,0,0,5,韋達,58,61
748,神虎龍駒,愛爾蘭,3,2019,棗,閹,$0,$0,0,0,0,0,伍鵬志,65,65
749,神行百變,澳洲,3,2019,棗,雄,$0,$0,0,0,0,0,蘇偉賢,52,52
750,神速馬車,紐西蘭,3,2019,棗,閹,$0,$0,0,0,0,0,韋達,52,52
751,神逸金剛,澳洲,5,2017,棗,閹,$0,$0,0,0,0,8,葉楚航,26,39
752,神魔金剛,澳洲,3,2019,栗,閹,$0,$0,0,0,0,1,葉楚航,52,52
753,祥勝霸駒,澳洲,5,2017,棗／棕,閹,$0,"$1,487,700",2,0,0,7,韋達,74,74
754,祥華孝寬,澳洲,4,2018,棗,閹,$0,$0,0,0,0,7,方嘉柏,50,57
755,福國寶,紐西蘭,3,2019,棗,閹,$0,$0,0,0,0,0,賀賢,52,52
756,福恩多多,澳洲,4,2018,棗,閹,$0,$0,0,0,0,1,容天鵬,52,52
757,福星,澳洲,3,2019,棗,閹,$0,$0,0,0,0,0,高伯新,52,52
758,福星高照,澳洲,6,2016,棗,閹,"$141,750","$1,143,000",2,0,2,24,容天鵬,29,32
759,福朵朵,南非,4,2018,棗／棕,閹,"$64,800","$64,800",0,0,0,6,苗禮德,41,49
760,福滿圍家,澳洲,4,2018,栗,閹,$0,$0,0,0,0,0,黎昭昇,72,72
761,福滿寶,英國,6,2016,棗,閹,"$918,000","$3,555,225",3,5,4,42,賀賢,51,44
762,福祐,澳洲,4,2018,棗,閹,$0,"$36,400",0,0,0,10,高伯新,33,42
763,福至,澳洲,3,2019,棗,閹,$0,$0,0,0,0,0,高伯新,52,52
764,福逸,澳洲,6,2016,棗,閹,"$16,530,000","$56,586,190",12,1,0,19,高伯新,128,123
765,禪勝寶駒,美國,5,2017,灰,閹,"$1,501,000","$6,444,900",6,3,5,31,呂健威,85,79
766,禪勝輝煌,美國,2,2020,棕,雄,$0,$0,0,0,0,0,呂健威,,
767,禾道福星,愛爾蘭,3,2019,棗,閹,"$158,400","$158,400",0,0,0,2,大衛希斯,75,75
768,穿甲鷹,澳洲,5,2017,棗,閹,$0,"$1,695,600",1,1,2,12,黎昭昇,68,70
769,竣誠寶驅,英國,4,2018,棗,閹,"$198,375","$198,375",0,0,1,4,高伯新,64,68
770,童話,德國,8,2014,灰,閹,$0,"$4,527,890",3,4,4,50,徐雨石,40,42
771,競技勇士,紐西蘭,8,2014,灰,閹,$0,"$7,475,000",6,3,1,55,葉楚航,55,55
772,競駿光輝,英國,3,2019,棗,閹,$0,$0,0,0,0,0,葉楚航,66,66
773,競駿天下,澳洲,4,2018,栗,閹,$0,"$119,600",0,0,1,6,大衛希斯,43,48
774,競駿無敵,法國,3,2019,棗,閹,"$237,600","$433,100",0,1,2,4,苗禮德,50,50
775,競駿翩翩,澳洲,6,2016,棗,閹,"$853,200","$1,708,600",2,1,2,17,蘇偉賢,53,46
776,競駿高歌,澳洲,4,2018,棗,閹,$0,$0,0,0,0,6,丁冠豪,36,41
777,笑哥兒,紐西蘭,5,2017,棗,閹,$0,"$4,422,450",1,2,1,10,蔡約翰,92,93
778,符號,愛爾蘭,5,2017,棗,閹,$0,"$253,000",0,0,1,15,徐雨石,52,57
779,管之友,愛爾蘭,4,2018,棕,閹,"$461,700","$461,700",1,0,0,8,賀賢,43,43
780,管之心,美國,2,2020,灰,雄,$0,$0,0,0,0,0,呂健威,,
781,簹多福,南非,6,2016,棕,閹,"$60,375","$1,736,475",1,1,0,26,苗禮德,56,64
782,精彩勇士,澳洲,6,2016,棗,閹,"$301,875","$5,136,725",2,5,6,32,大衛希斯,75,79
783,精彩動力,澳洲,4,2018,棕,閹,$0,$0,0,0,0,0,方嘉柏,76,76
784,精彩生活,愛爾蘭,5,2017,栗,閹,"$237,600","$410,100",0,1,1,12,姚本輝,48,48
785,精彩非凡,澳洲,6,2016,棕,閹,"$286,200","$1,478,950",0,2,3,29,方嘉柏,43,45
786,精明勇駿,澳洲,5,2017,棗,閹,"$237,600","$1,449,200",1,3,0,17,何良,45,47
787,精準快車,愛爾蘭,6,2016,棕,閹,"$218,500","$4,109,050",3,2,4,27,姚本輝,75,74
788,精益大師,英國,2,2020,棗,雄,$0,$0,0,0,0,0,葉楚航,63,63
789,精算其然,英國,5,2017,棗,閹,"$490,050","$760,450",1,1,0,14,呂健威,41,39
790,精算謀略,澳洲,3,2019,棕,閹,$0,$0,0,0,0,0,蔡約翰,52,52
791,精算赤焰,愛爾蘭,5,2017,棗,閹,"$396,900","$705,000",0,1,3,22,蔡約翰,22,26
792,精英至尊,英國,3,2019,棕,閹,$0,$0,0,0,0,1,高伯新,67,67
793,精選威,澳洲,4,2018,棗,閹,$0,"$2,080,500",3,0,0,8,呂健威,67,68
794,精靈勇士,法國,5,2017,栗,閹,$0,"$8,980,750",5,3,3,21,方嘉柏,107,109
795,紀利大師,澳洲,3,2019,棗,閹,$0,$0,0,0,0,1,丁冠豪,52,52
796,紅愛舍,英國,3,2019,棗,閹,$0,$0,0,0,0,1,文家良,83,83
797,紅旺,紐西蘭,7,2015,灰,閹,"$258,750","$5,452,500",4,5,8,43,葉楚航,59,62
798,紅楓勝景,澳洲,4,2018,棗,閹,"$198,375","$198,375",0,0,1,1,韋達,72,72
799,紅海勁,澳洲,3,2019,灰,閹,$0,$0,0,0,0,0,文家良,52,52
800,紅海福星,澳洲,6,2016,棕,閹,"$275,400","$1,428,900",2,1,1,19,文家良,43,43
801,紅磚勇士,澳洲,7,2015,棗,閹,"$615,600","$4,184,380",6,2,3,40,賀賢,58,53
802,紅粉豐彩,英國,4,2018,棗,閹,"$124,200","$469,600",0,1,1,9,韋達,56,63
803,紅衣火旺,澳洲,5,2017,棗,閹,"$103,500","$2,755,300",2,2,4,22,羅富全,56,62
804,紅衣震撼,澳洲,7,2015,棗,閹,"$1,901,250","$4,058,300",3,4,6,27,伍鵬志,68,50
805,紅褲之王,澳洲,5,2017,棕,閹,"$64,800","$1,694,200",1,3,2,22,黎昭昇,38,44
806,紅運大師,德國,6,2016,棗,閹,"$500,250","$8,974,550",4,3,7,44,蔡約翰,69,76
807,紅運帝王,愛爾蘭,3,2019,棕,閹,"$558,900","$558,900",0,1,0,2,蔡約翰,74,71
808,紅運泰斗,英國,4,2018,棗,閹,"$486,450","$910,350",0,0,3,11,蔡約翰,57,62
809,紅運閃耀,愛爾蘭,4,2018,棗,閹,$0,"$97,750",0,0,1,6,韋達,41,45
810,紅酒之寶,澳洲,6,2016,栗,閹,$0,"$2,190,650",1,3,2,25,容天鵬,56,65
811,紅鬃烈馬,紐西蘭,6,2016,棗,閹,"$653,400","$3,451,600",3,6,1,29,葉楚航,48,43
812,紅麗舍,英國,9,2013,栗,閹,"$102,600","$7,706,675",5,11,10,80,文家良,47,51
813,純金酒杯,澳洲,5,2017,棗／棕,閹,"$1,757,700","$1,847,400",3,0,1,10,呂健威,63,38
814,級數,澳洲,4,2018,棗,閹,$0,$0,0,0,0,0,伍鵬志,80,80
815,紫菜福星,紐西蘭,7,2015,棗,閹,"$834,100","$2,747,100",3,1,3,21,呂健威,62,57
816,紫雲冰,澳洲,4,2018,棗,閹,"$2,176,725","$3,008,725",3,1,3,9,方嘉柏,69,56
817,終身美麗,愛爾蘭,5,2017,棗,閹,"$1,742,250","$3,356,900",1,4,4,23,告東尼,71,64
818,經典之光,紐西蘭,5,2017,棗,閹,$0,"$592,800",1,0,0,3,蘇偉賢,60,60
819,經典之星,紐西蘭,7,2015,栗,閹,$0,"$5,753,500",5,1,1,24,蘇偉賢,84,87
820,綠登,南非,6,2016,棗,閹,"$286,200","$286,200",0,0,2,12,蘇偉賢,43,46
821,綠色有料,澳洲,4,2018,栗,閹,"$586,500","$931,900",0,2,0,5,蘇偉賢,69,66
822,綠茵神駒,愛爾蘭,4,2018,棕,閹,"$439,875","$620,425",0,1,1,9,苗禮德,71,73
823,綫路之星,愛爾蘭,4,2018,棗,閹,"$1,688,475","$3,927,825",2,0,5,16,告東尼,88,80
824,綫路光明,澳洲,5,2017,棗,閹,$0,$0,0,0,0,7,容天鵬,30,36
825,綫路暉華,英國,4,2018,棗,閹,"$668,250","$695,550",1,1,0,14,文家良,39,31
826,綫路盈喜,紐西蘭,5,2017,栗,閹,$0,"$946,400",1,1,0,4,告東尼,59,59
827,綫路神驊,紐西蘭,5,2017,棗,閹,"$1,333,800","$1,831,350",2,1,1,14,文家良,65,54
828,綫路菁英,愛爾蘭,4,2018,灰,閹,"$1,077,300","$1,194,300",2,0,1,15,告東尼,48,36
829,維港奔流,澳洲,7,2015,栗,閹,"$103,500","$6,916,905",5,5,3,44,丁冠豪,71,78
830,維港智能,澳洲,4,2018,棗／棕,閹,"$1,659,225","$1,659,225",2,0,0,4,沈集成,71,52
831,緊張大師,澳洲,5,2017,棗,閹,$0,"$6,935,400",4,2,3,10,大衛希斯,105,105
832,緣份,愛爾蘭,6,2016,棗,閹,"$121,500","$1,271,055",1,2,3,32,鄭俊偉,20,26
833,緣途有您,澳洲,3,2019,棗,閹,"$64,800","$64,800",0,0,0,1,羅富全,52,52
834,縱橫十六,紐西蘭,5,2017,棗,閹,$0,"$988,300",1,0,3,21,文家良,36,39
835,縱橫大進,英國,4,2018,棗,雄,$0,$0,0,0,0,0,容天鵬,65,65
836,縱橫天下,澳洲,4,2018,棗,閹,"$2,780,475","$3,685,275",3,3,2,12,何良,75,57
837,總理,紐西蘭,7,2015,棗,閹,"$114,000","$2,924,600",2,3,0,21,姚本輝,78,81
838,繼續精彩,澳洲,5,2017,棗,閹,"$28,350","$145,350",0,0,0,13,葉楚航,25,31
839,美好世界,澳洲,5,2017,棗,閹,"$1,161,600","$4,278,050",2,4,3,13,羅富全,88,85
840,美滿將來,澳洲,6,2016,棕,閹,"$226,800","$724,950",1,1,0,18,文家良,34,34
841,美滿星雲,澳洲,4,2018,棗,閹,"$124,200","$160,600",0,0,1,7,文家良,45,47
842,美麗之選,澳洲,4,2018,棗,閹,$0,$0,0,0,0,0,伍鵬志,65,65
843,美麗同享,澳洲,6,2016,栗,閹,"$2,568,000","$11,220,900",5,2,1,13,告東尼,119,117
844,美麗喝采,法國,5,2017,棗,閹,"$60,375","$335,125",0,0,1,14,韋達,56,65
845,美麗在線,澳洲,5,2017,棗,閹,"$580,800","$4,599,300",4,2,2,10,羅富全,85,83
846,美麗多盈,愛爾蘭,3,2019,灰,閹,$0,$0,0,0,0,1,告東尼,52,52
847,美麗奔馳,英國,3,2019,棗,閹,$0,"$894,900",1,0,0,3,告東尼,74,74
848,美麗宇宙,紐西蘭,4,2018,棗,閹,"$3,653,000","$3,653,000",1,0,0,2,告東尼,88,82
849,美麗攻略,澳洲,5,2017,栗,閹,"$124,200","$924,900",0,1,3,13,羅富全,56,62
850,美麗新星,英國,4,2018,棗,閹,"$121,500","$176,450",0,0,1,16,蔡約翰,35,40
851,美麗時光,澳洲,4,2018,棕,閹,$0,$0,0,0,0,0,呂健威,52,52
852,美麗歡聲,法國,3,2019,棗／棕,閹,$0,$0,0,0,0,1,告東尼,75,75
853,美麗滿滿,澳洲,5,2017,栗,閹,"$120,750","$1,883,400",2,1,0,10,羅富全,68,69
854,美麗笑聲,澳洲,4,2018,棗,閹,"$2,780,475","$3,539,675",3,2,3,10,蔡約翰,81,57
855,美麗邂逅,英國,4,2018,棗,閹,"$2,043,625","$2,993,475",1,1,2,15,告東尼,75,71
856,翔龍再現,紐西蘭,4,2018,栗,閹,"$37,800","$812,600",1,0,1,11,賀賢,52,53
857,翡翠綠,南非,7,2015,灰,閹,"$37,800","$3,510,360",3,5,3,40,苗禮德,48,55
858,翡翠鳳凰,紐西蘭,6,2016,棕,閹,"$739,800","$3,950,945",3,6,6,30,羅富全,64,60
859,翩翩君子,紐西蘭,5,2017,棗,閹,"$60,375","$1,958,225",2,1,1,13,蔡約翰,61,65
860,耀力之城,澳洲,3,2019,棕,閹,$0,"$59,500",0,0,0,3,大衛希斯,48,50
861,耀滿瓶,日本,7,2015,深棗,雄,"$2,200,000","$30,500,000",2,1,1,4,尾關知人,,
862,老表醒,紐西蘭,7,2015,棗,閹,"$255,150","$902,350",1,1,1,28,葉楚航,25,26
863,聖鑽神駒,澳洲,4,2018,棕,閹,$0,$0,0,0,0,0,告東尼,64,64
864,聚才,澳洲,7,2015,棗,閹,"$2,430,900","$14,943,900",6,4,2,25,大衛希斯,119,114
865,聚風雲,紐西蘭,4,2018,棗,閹,"$37,800","$630,600",1,0,0,5,丁冠豪,55,57
866,聰明導彈,澳洲,7,2015,棗,閹,$0,"$7,674,080",5,7,5,49,方嘉柏,69,76
867,肥仔醒醒,澳洲,4,2018,棗,閹,$0,$0,0,0,0,2,大衛希斯,71,73
868,育成精彩,紐西蘭,5,2017,棕,閹,"$405,000","$718,900",0,2,2,15,沈集成,36,35
869,胆大威猛,澳洲,6,2016,棗,閹,"$64,800","$1,988,623",2,2,1,26,姚本輝,49,55
870,胡椒軍曹,澳洲,5,2017,棗,閹,"$465,300","$1,837,850",1,2,3,19,徐雨石,59,59
871,能文能武,澳洲,4,2018,棗／棕,閹,"$253,800","$477,400",0,0,1,9,呂健威,46,49
872,自來金,紐西蘭,5,2017,棗,閹,$0,"$920,400",1,1,0,9,韋達,52,52
873,自力更生,澳洲,5,2017,棕,閹,"$588,000","$2,008,850",1,2,1,11,呂健威,75,72
874,自勝者強,紐西蘭,4,2018,棕,閹,"$983,250","$2,566,350",3,0,2,7,蔡約翰,77,70
875,自然力量,紐西蘭,6,2016,棗,閹,"$294,500","$3,946,320",3,5,2,29,姚本輝,62,62
876,自然勁,紐西蘭,4,2018,棗,閹,$0,$0,0,0,0,1,方嘉柏,52,52
877,自然輝煌,澳洲,5,2017,棗,閹,"$1,466,250","$3,782,000",3,1,2,15,呂健威,80,74
878,至尊高飛,澳洲,4,2018,棗,閹,"$115,560","$115,560",0,0,0,2,蔡約翰,52,52
879,與龍起舞,澳洲,3,2019,棗,閹,$0,$0,0,0,0,0,大衛希斯,52,52
880,興高采烈,愛爾蘭,5,2017,棗,閹,"$653,400","$2,267,000",3,0,2,28,伍鵬志,56,52
881,舞林密碼,澳洲,4,2018,棗／棕,閹,$0,$0,0,0,0,0,方嘉柏,67,67
882,艮志騰雲,澳洲,8,2014,栗,閹,"$1,042,800","$10,411,275",6,9,6,49,沈集成,93,92
883,色種笑,愛爾蘭,3,2019,棗／棕,閹,$0,$0,0,0,0,0,蔡約翰,52,52
884,艾莉奧,愛爾蘭,4,2018,棗,閹,$0,$0,0,0,0,2,大衛希斯,61,63
885,芙蓉莊,澳洲,8,2014,棗,閹,"$264,875","$4,740,510",5,2,6,52,姚本輝,60,61
886,英之星,澳洲,7,2015,棗,閹,"$92,400","$8,894,330",5,4,3,45,姚本輝,80,85
887,英雄豪傑,澳洲,5,2017,棗,閹,"$653,400","$827,950",1,0,1,9,文家良,66,56
888,英雄豪邁,澳洲,4,2018,栗,閹,"$2,380,000","$2,380,000",1,0,2,3,羅富全,74,64
889,荃程路通,紐西蘭,5,2017,棗,閹,$0,$0,0,0,0,8,文家良,34,40
890,華卓晴,紐西蘭,5,2017,棗,閹,$0,"$2,279,800",3,1,1,18,蔡約翰,61,66
891,華美福星,紐西蘭,5,2017,栗,閹,"$178,200","$616,950",0,2,2,22,徐雨石,25,26
892,華麗活力,澳洲,4,2018,棗,閹,"$198,375","$1,660,175",2,0,2,9,羅富全,71,71
893,菲力大帝,紐西蘭,5,2017,棕,閹,$0,"$119,600",0,0,1,10,鄭俊偉,30,37
894,萬事快,澳洲,3,2019,棗,閹,"$124,200","$124,200",0,0,1,1,姚本輝,52,52
895,萬事有,澳洲,6,2016,棗,閹,$0,"$1,162,200",2,0,0,12,容天鵬,45,48
896,萬事正,澳洲,4,2018,棗,閹,$0,$0,0,0,0,0,告東尼,52,52
897,萬事靚,澳洲,3,2019,棗,閹,$0,$0,0,0,0,0,容天鵬,52,52
898,萬市之光,紐西蘭,6,2016,棗,閹,"$124,200","$1,743,200",2,1,2,17,蘇偉賢,59,59
899,萬眾力得,澳洲,5,2017,栗,閹,$0,"$5,111,300",5,2,6,29,羅富全,67,72
900,萬眾開心,紐西蘭,3,2019,棗,閹,$0,$0,0,0,0,0,黎昭昇,52,52
901,萬里飛至,澳洲,5,2017,棗,閹,"$853,200","$1,518,150",1,3,0,19,蘇偉賢,55,49
902,蒲俠超得,澳洲,6,2016,棗,閹,$0,"$817,000",1,0,1,20,容天鵬,41,43
903,藍海鐵騎,紐西蘭,4,2018,棗,閹,$0,$0,0,0,0,2,沈集成,50,52
904,蝦李波特,澳洲,4,2018,栗,閹,$0,$0,0,0,0,2,蔡約翰,48,48
905,蝦餃燒賣,澳洲,5,2017,棗,閹,$0,"$1,732,800",3,0,0,14,伍鵬志,64,64
906,蟲草之凰,澳洲,5,2017,棗,閹,$0,"$1,294,800",2,0,2,17,呂健威,45,47
907,蟲草成名,澳洲,4,2018,棗,閹,"$1,033,000","$10,118,050",6,4,1,16,高伯新,112,107
908,行樂之光,澳洲,6,2016,棗,閹,$0,"$993,450",1,2,2,22,蘇偉賢,29,33
909,西利哥,英國,6,2016,棗,閹,$0,"$3,915,700",4,1,1,29,羅富全,79,82
910,親愛的,紐西蘭,5,2017,栗,閹,$0,$0,0,0,0,9,何良,27,30
911,觔斗雲,紐西蘭,5,2017,棕,閹,"$1,411,700","$3,762,850",3,2,4,16,姚本輝,73,67
912,話你知,澳洲,4,2018,栗,閹,$0,$0,0,0,0,0,方嘉柏,52,52
913,話贏就贏,澳洲,5,2017,棗,閹,$0,"$220,000",0,1,0,2,丁冠豪,48,48
914,誠心所願,紐西蘭,5,2017,棗,閹,"$733,050","$1,024,150",1,2,1,15,韋達,43,36
915,請不要問,紐西蘭,4,2018,棗,閹,$0,$0,0,0,0,4,蔡約翰,44,52
916,請讓路,澳洲,6,2016,棗,閹,"$48,600","$83,600",0,0,0,13,丁冠豪,20,27
917,論文,英國,3,2019,棗,雄,$0,$0,0,0,0,1,高伯新,75,75
918,謎語,澳洲,5,2017,棗,閹,"$141,750","$917,650",1,1,2,23,徐雨石,32,33
919,謙謙君子,愛爾蘭,3,2019,栗,閹,$0,$0,0,0,0,5,何良,52,60
920,識贏,紐西蘭,4,2018,棗,閹,"$60,375","$1,822,825",2,0,1,7,羅富全,70,73
921,識途好馬,紐西蘭,3,2019,棗,閹,$0,$0,0,0,0,0,黎昭昇,52,52
922,變數,澳洲,5,2017,棗,閹,"$1,083,000","$3,323,490",3,1,2,18,丁冠豪,66,61
923,讓愛高飛,愛爾蘭,5,2017,棗,閹,$0,"$2,833,850",3,0,0,10,告東尼,82,82
924,豐彩華庭,法國,5,2017,棗,閹,$0,"$1,572,600",1,3,1,14,何良,50,50
925,豐盛多彩,愛爾蘭,3,2019,沙,閹,"$37,800","$37,800",0,0,0,9,高伯新,38,56
926,豪堡,愛爾蘭,2,2020,栗,閹,$0,$0,0,0,0,0,蔡約翰,,
927,豹子膽,澳洲,6,2016,棕,閹,"$449,550","$1,768,640",1,5,2,32,徐雨石,33,32
928,財才,澳洲,4,2018,棗,閹,$0,$0,0,0,0,0,伍鵬志,65,65
929,財駿,澳洲,5,2017,棕,閹,"$399,600","$1,660,450",1,2,4,17,沈集成,57,60
930,賞心星,紐西蘭,7,2015,棗,閹,"$275,400","$3,587,075",4,4,8,57,方嘉柏,31,35
931,賽得意,澳洲,5,2017,栗,閹,"$739,800","$859,400",1,0,2,10,羅富全,47,41
932,贏你一步,澳洲,4,2018,棗,閹,$0,$0,0,0,0,0,丁冠豪,52,52
933,贏盡天下,愛爾蘭,5,2017,棗,閹,$0,"$1,548,800",1,3,2,13,韋達,56,57
934,贏科超影,愛爾蘭,8,2014,棗,閹,$0,"$5,379,185",6,2,3,58,高伯新,52,60
935,赤子雄心,德國,4,2018,棕,閹,"$449,550","$692,650",0,2,3,17,方嘉柏,34,32
936,赤火驍龍,紐西蘭,6,2016,灰,閹,"$977,400","$1,981,000",2,2,2,23,蘇偉賢,49,41
937,赤馬雄風,紐西蘭,6,2016,棗,閹,"$2,002,600","$7,406,260",8,4,2,32,大衛希斯,80,73
938,超勁寶寶,澳洲,4,2018,棗,閹,$0,$0,0,0,0,4,姚本輝,60,65
939,超勁日子,愛爾蘭,2,2020,棗,閹,$0,$0,0,0,0,0,伍鵬志,,
940,超好日子,澳洲,6,2016,棗,閹,"$238,000","$10,230,500",7,5,1,29,呂健威,98,104
941,超好運,紐西蘭,4,2018,栗,閹,$0,$0,0,0,0,0,姚本輝,52,52
942,超威力,紐西蘭,4,2018,棗,閹,$0,$0,0,0,0,0,黎昭昇,52,52
943,超悅明駒,澳洲,5,2017,棗,閹,"$64,800","$985,200",1,0,1,9,蘇偉賢,59,60
944,超班,澳洲,4,2018,棗,閹,$0,$0,0,0,0,10,苗禮德,27,36
945,超級綠洲,紐西蘭,7,2015,棗,閹,$0,"$5,416,400",3,1,0,40,告東尼,69,72
946,超級黃蜂,紐西蘭,4,2018,栗,閹,"$64,800","$449,600",0,1,1,11,韋達,42,43
947,超級龍珠,澳洲,5,2017,栗,閹,$0,$0,0,0,0,0,容天鵬,63,63
948,超能勇士,澳洲,4,2018,棗,閹,"$739,800","$739,800",1,0,1,2,方嘉柏,59,52
949,超超比,紐西蘭,3,2019,棗,閹,$0,$0,0,0,0,0,沈集成,52,52
950,超越,澳洲,3,2019,棗,閹,$0,$0,0,0,0,1,韋達,52,52
951,超趣,英國,7,2015,棗,閹,"$37,800","$4,046,950",1,6,4,42,高伯新,53,60
952,超速,紐西蘭,6,2016,棗,閹,$0,"$4,305,450",4,3,3,22,苗禮德,60,73
953,超醒神,紐西蘭,4,2018,棗,閹,$0,$0,0,0,0,6,呂健威,41,41
954,超霸勝,澳洲,4,2018,棗,閹,$0,$0,0,0,0,1,葉楚航,75,75
955,超音鼠,愛爾蘭,5,2017,棗,閹,"$103,500","$1,491,550",1,0,2,12,羅富全,70,72
956,超額認購,澳洲,7,2015,棗,閹,"$124,200","$3,272,255",4,1,6,37,賀賢,51,51
957,越駿歡欣,愛爾蘭,3,2019,棗,閹,"$60,375","$60,375",0,0,0,2,高伯新,65,67
958,越駿知己,紐西蘭,5,2017,棗,閹,"$2,346,000","$4,527,000",4,4,1,13,羅富全,79,64
959,足金好球,紐西蘭,6,2016,棕,閹,$0,"$4,685,000",3,1,0,14,丁冠豪,80,80
960,跑得好,澳洲,5,2017,栗,閹,$0,"$884,000",1,1,0,5,賀賢,58,58
961,跑得寶寶,澳洲,6,2016,棗,閹,"$733,050","$1,375,500",2,2,1,19,容天鵬,39,33
962,路路爽,紐西蘭,5,2017,棕,閹,"$213,750","$1,580,800",1,1,0,12,羅富全,62,67
963,路路醒,紐西蘭,6,2016,棗,閹,"$1,083,000","$6,415,050",4,3,1,25,羅富全,82,77
964,躡景追飛,愛爾蘭,3,2019,灰,閹,"$1,152,900","$1,152,900",2,0,0,8,沈集成,52,45
965,載有心得,澳洲,4,2018,栗,閹,$0,$0,0,0,0,0,大衛希斯,52,52
966,輕雅,紐西蘭,3,2019,棕,閹,$0,$0,0,0,0,0,黎昭昇,52,52
967,輗多福,澳洲,5,2017,棗,閹,"$681,375","$2,873,725",3,2,1,23,徐雨石,64,64
968,輝煌亨,愛爾蘭,4,2018,栗,閹,$0,$0,0,0,0,6,徐雨石,45,57
969,辣得交關,澳洲,5,2017,棗,閹,$0,"$292,400",0,0,2,8,容天鵬,44,44
970,辣得傲,澳洲,4,2018,棕,閹,"$37,800","$74,200",0,0,0,7,文家良,40,42
971,辣得駕勢,澳洲,3,2019,棗,閹,$0,$0,0,0,0,0,伍鵬志,52,52
972,辣得驕,澳洲,6,2016,棕,閹,"$596,160","$2,986,360",3,4,3,30,伍鵬志,57,55
973,迎月,愛爾蘭,4,2018,棗,閹,"$103,500","$998,400",1,0,0,7,容天鵬,63,67
974,迎樂,澳洲,3,2019,棕,閹,$0,$0,0,0,0,0,呂健威,52,52
975,追風驥足,紐西蘭,7,2015,棗,閹,$0,"$4,735,620",5,2,4,32,蘇偉賢,66,72
976,逆市奇爸,澳洲,6,2016,栗,閹,"$60,375","$2,295,175",2,0,0,16,容天鵬,70,73
977,逍遙駒,澳洲,5,2017,深棗,閹,"$186,840","$2,922,840",3,2,5,25,羅富全,57,60
978,逐夢年代,澳洲,5,2017,棗,閹,$0,$0,0,0,0,0,文家良,63,63
979,逐步贏,澳洲,4,2018,棗／灰,閹,"$64,800","$64,800",0,0,0,2,伍鵬志,51,52
980,速奇制勝,紐西蘭,3,2019,栗,閹,$0,$0,0,0,0,0,黎昭昇,52,52
981,速度大師,德國,4,2018,棗,雄,$0,$0,0,0,0,1,手塚貴久,,
982,速遞奇兵,紐西蘭,5,2017,棕,閹,"$1,368,000","$11,369,500",5,0,1,12,蔡約翰,115,116
983,連利福將,紐西蘭,7,2015,灰,閹,"$37,800","$3,488,900",3,1,9,37,葉楚航,49,52
984,連連勝利,澳洲,3,2019,栗,閹,$0,$0,0,0,0,2,蔡約翰,50,52
985,連連有盈,澳洲,5,2017,棗,閹,"$966,000","$4,408,350",3,4,1,14,告東尼,77,75
986,連連歡呼,澳洲,4,2018,栗,閹,"$332,400","$826,950",0,1,0,10,方嘉柏,81,82
987,連連行運,法國,6,2016,棗,閹,$0,"$6,792,905",7,6,4,44,蔡約翰,74,74
988,進優自在,紐西蘭,6,2016,棗,閹,$0,"$2,755,585",2,4,5,29,文家良,52,52
989,進力之城,澳洲,7,2015,棗,閹,$0,"$3,496,615",3,2,3,38,韋達,52,55
990,進趣,愛爾蘭,3,2019,棕,閹,$0,$0,0,0,0,3,高伯新,62,66
991,運來多寶,澳洲,4,2018,棗,閹,$0,$0,0,0,0,5,容天鵬,37,48
992,運來孖寶,紐西蘭,4,2018,棗,閹,$0,$0,0,0,0,9,容天鵬,23,29
993,運高八斗,澳洲,4,2018,棗,閹,"$163,875","$1,651,575",2,0,0,5,姚本輝,68,68
994,遨遊之星,紐西蘭,7,2015,棗,閹,"$237,600","$3,922,210",4,4,3,44,容天鵬,47,49
995,遨遊天下,澳洲,3,2019,棗,閹,$0,$0,0,0,0,0,姚本輝,52,52
996,遨遊氣泡,澳洲,4,2018,棗／棕,閹,"$577,875","$2,694,725",2,3,1,7,姚本輝,76,74
997,還看今朝,澳洲,4,2018,栗,閹,$0,$0,0,0,0,0,賀賢,52,52
998,都柏名駒,紐西蘭,6,2016,棕,閹,"$124,200","$3,917,595",3,2,7,34,文家良,52,53
999,都靈勇士,澳洲,5,2017,棗,閹,"$475,200","$686,150",0,2,1,13,高伯新,56,53
1000,都靈太陽,英國,4,2018,棗,閹,"$234,000","$8,580,900",1,3,2,12,韋達,101,101
1001,都靈福星,愛爾蘭,3,2019,灰,閹,$0,$0,0,0,0,0,韋達,69,69
1002,醉眼光,澳洲,5,2017,棕,閹,"$853,000","$3,495,700",3,2,1,14,蔡約翰,80,80
1003,醒目勇駒,澳洲,8,2014,棗,閹,"$510,300","$4,853,200",3,4,6,55,蘇偉賢,49,41
1004,醒目未來,日本,3,2019,棗,閹,$0,$0,0,0,0,1,蘇偉賢,52,52
1005,醒臣,澳洲,6,2016,栗,閹,"$595,125","$4,468,525",1,6,3,31,姚本輝,74,76
1006,重禮,法國,4,2018,栗,雄,"$440,000","$440,000",0,0,0,1,杜誠高,,
1007,野田小子,日本,4,2018,棗,雄,"$7,480,000","$7,480,000",0,1,0,1,安田隆行,,
1008,野田赤蠍,日本,3,2019,棗,雄,"$600,000","$600,000",0,0,0,1,安田隆行,,
1009,量化歡騰,澳洲,7,2015,棗,閹,"$753,825","$5,155,645",4,8,3,35,韋達,70,68
1010,金佰令,澳洲,3,2019,棗,閹,"$103,500","$103,500",0,0,0,2,姚本輝,63,63
1011,金像非凡,紐西蘭,5,2017,棕,閹,"$891,000","$2,971,050",2,3,4,24,羅富全,60,55
1012,金剛石,紐西蘭,7,2015,棕,閹,"$48,600","$2,578,735",2,4,6,37,鄭俊偉,32,32
1013,金哥兒,南非,6,2016,棗,閹,"$60,375","$534,075",0,0,1,11,苗禮德,71,74
1014,金多富,阿根廷,4,2018,棗,閹,$0,$0,0,0,0,1,苗禮德,80,80
1015,金寶,美國,3,2019,棕,閹,$0,$0,0,0,0,0,方嘉柏,63,63
1016,金德義,紐西蘭,4,2018,棕,閹,$0,$0,0,0,0,0,苗禮德,52,52
1017,金棵滿坻,紐西蘭,4,2018,棗,閹,$0,$0,0,0,0,0,沈集成,52,52
1018,金榜題名,紐西蘭,4,2018,棕,閹,$0,$0,0,0,0,0,沈集成,63,63
1019,金津一號,阿根廷,6,2016,灰,閹,"$178,200","$1,188,200",1,3,0,19,葉楚航,31,38
1020,金津銀星,澳洲,3,2019,棕,閹,$0,$0,0,0,0,0,丁冠豪,52,52
1021,金爵士,紐西蘭,5,2017,棗,閹,"$983,250","$1,258,000",1,0,1,6,方嘉柏,74,66
1022,金牌實力,澳洲,4,2018,棗,閹,$0,"$29,750",0,0,0,6,苗禮德,38,40
1023,金獅大將,紐西蘭,7,2015,棗,閹,"$550,800","$1,872,500",0,4,4,33,大衛希斯,43,42
1024,金發盛世,法國,4,2018,棗,閹,"$218,500","$3,661,900",3,1,3,12,呂健威,71,73
1025,金發銀發,紐西蘭,5,2017,棗,閹,"$124,200","$353,000",0,1,1,11,呂健威,58,62
1026,金碧科,澳洲,8,2014,棗,閹,"$93,150","$3,885,480",3,7,4,54,鄭俊偉,24,30
1027,金積驥,日本,4,2018,栗,雄,$0,$0,0,0,0,1,藤岡健一,,
1028,金莊令,紐西蘭,6,2016,棗,閹,"$66,500","$4,226,230",3,5,1,29,姚本輝,62,68
1029,金運來,紐西蘭,3,2019,棗,閹,$0,$0,0,0,0,0,文家良,52,52
1030,金鎗六十,澳洲,7,2015,棕,閹,"$9,450,000","$122,850,600",22,2,1,26,呂健威,130,131
1031,金鎗武士,澳洲,4,2018,棗,閹,$0,$0,0,0,0,0,呂健威,52,52
1032,金鑽貴人,紐西蘭,4,2018,棕,閹,"$6,905,050","$13,732,200",7,2,1,11,文家良,119,98
1033,金馳,澳洲,4,2018,棗,閹,"$577,875","$577,875",0,1,1,2,蔡約翰,67,64
1034,金鼓齊昇,紐西蘭,4,2018,棗,閹,"$475,200","$475,200",0,2,0,2,沈集成,56,52
1035,鈁糖武士,澳洲,4,2018,棕,閹,"$653,400","$1,573,800",2,1,0,9,方嘉柏,60,55
1036,鈦易搵,英國,2,2020,灰,雄,$0,$0,0,0,0,0,方嘉柏,,
1037,銀亮之星,澳洲,9,2013,栗,閹,$0,"$3,367,600",3,4,4,47,蘇偉賢,29,30
1038,銀亮之風,澳洲,4,2018,棗,閹,"$2,285,125","$2,285,125",1,0,1,7,方嘉柏,71,67
1039,銀亮光速,澳洲,4,2018,棕,閹,$0,$0,0,0,0,0,呂健威,63,63
1040,銀亮威龍,澳洲,5,2017,灰,閹,$0,"$265,200",0,1,0,11,黎昭昇,32,38
1041,銀河飛馬,澳洲,7,2015,棗,閹,"$124,200","$4,036,600",4,3,2,42,丁冠豪,55,56
1042,銀進,澳洲,4,2018,棗,閹,"$1,692,750","$1,729,150",2,0,2,8,方嘉柏,65,48
1043,銀鎚仔,愛爾蘭,3,2019,灰,閹,$0,$0,0,0,0,1,高伯新,65,65
1044,鋒芒勁露,紐西蘭,5,2017,棕,閹,"$102,600","$844,550",1,0,0,13,方嘉柏,55,59
1045,鋼鐵福陞,澳洲,5,2017,棗,閹,$0,"$1,481,400",2,0,0,22,文家良,30,33
1046,錢多多,紐西蘭,5,2017,棗,閹,"$162,000","$817,200",1,0,1,11,大衛希斯,45,49
1047,錢途光明,紐西蘭,4,2018,棗,閹,$0,$0,0,0,0,0,丁冠豪,52,52
1048,錶之五知,愛爾蘭,4,2018,棗／棕,閹,"$66,500","$1,306,800",1,1,0,7,告東尼,76,76
1049,錶之功能,紐西蘭,5,2017,棗,閹,"$37,800","$37,800",0,0,0,10,呂健威,57,60
1050,錶之將來,愛爾蘭,3,2019,棕,閹,"$30,188","$30,188",0,0,0,8,丁冠豪,54,60
1051,錶之科學,澳洲,6,2016,棗／棕,閹,"$1,741,800","$3,003,150",2,3,4,19,伍鵬志,65,59
1052,錶之量子,愛爾蘭,3,2019,棗,閹,$0,$0,0,0,0,0,伍鵬志,66,66
1053,錶之雲端,紐西蘭,3,2019,棕,閹,$0,$0,0,0,0,0,伍鵬志,52,52
1054,錶壇精英,澳洲,3,2019,棗,閹,$0,$0,0,0,0,0,姚本輝,52,52
1055,鎂之妙,紐西蘭,7,2015,棕,閹,"$102,600","$1,717,205",1,2,4,19,容天鵬,54,57
1056,鐵三角,澳洲,4,2018,棗,閹,$0,$0,0,0,0,2,大衛希斯,66,67
1057,鑽兩鑽,澳洲,5,2017,棗,閹,$0,$0,0,0,0,9,姚本輝,32,32
1058,鑽石寶寶,澳洲,5,2017,灰,閹,$0,"$655,200",1,0,0,7,姚本輝,52,55
1059,鑽石福星,紐西蘭,6,2016,棗,閹,"$729,600","$3,059,900",4,1,2,18,丁冠豪,62,56
1060,鑽飛龍,澳洲,7,2015,棗,閹,"$305,100","$1,764,300",1,1,2,22,容天鵬,49,52
1061,鑽飾永恆,澳洲,3,2019,栗,閹,$0,$0,0,0,0,0,呂健威,52,52
1062,鑽飾翱翔,澳洲,4,2018,棗,閹,"$558,900","$558,900",1,0,0,10,姚本輝,40,38
1063,長發,澳洲,4,2018,棗,閹,$0,$0,0,0,0,0,何良,52,52
1064,長長友,紐西蘭,7,2015,棗,閹,$0,"$3,200,950",3,4,1,30,容天鵬,52,56
1065,閃得快,愛爾蘭,6,2016,栗,閹,"$875,850","$3,354,575",0,5,8,27,沈集成,60,61
1066,閃耀光芒,紐西蘭,5,2017,棕,閹,"$305,100","$1,396,300",1,2,3,13,韋達,54,54
1067,閃耀威龍,愛爾蘭,3,2019,棕,閹,$0,$0,0,0,0,3,文家良,61,65
1068,閃耀將神,澳洲,3,2019,棗,閹,$0,$0,0,0,0,0,容天鵬,52,52
1069,閃耀星光,紐西蘭,5,2017,棗,閹,$0,$0,0,0,0,5,徐雨石,65,70
1070,閃電,愛爾蘭,4,2018,棗,閹,"$114,000","$1,943,050",1,2,0,13,沈集成,68,75
1071,閃電俠,澳洲,7,2015,棗,閹,$0,"$2,789,800",3,2,1,23,黎昭昇,54,55
1072,閃電烈馬,英國,6,2016,棗,閹,"$60,375","$1,661,865",2,1,1,16,葉楚航,60,64
1073,開心再來,紐西蘭,5,2017,棗,閹,"$56,700","$56,700",0,0,0,10,沈集成,32,39
1074,開心大師,澳洲,8,2014,棗,閹,$0,"$2,590,670",4,1,3,52,蘇偉賢,22,24
1075,開心寶貝,澳洲,4,2018,棕,閹,$0,$0,0,0,0,1,黎昭昇,71,71
1076,開心摯友,澳洲,3,2019,棗,閹,$0,$0,0,0,0,0,丁冠豪,52,52
1077,開心漢子,紐西蘭,3,2019,棗,閹,$0,$0,0,0,0,0,文家良,52,52
1078,開心熊,澳洲,3,2019,棗,閹,$0,$0,0,0,0,0,黎昭昇,52,52
1079,開心蔬菜,紐西蘭,5,2017,灰,閹,"$48,600","$85,000",0,0,0,10,大衛希斯,35,39
1080,開心馬,澳洲,4,2018,棗／棕,閹,$0,$0,0,0,0,0,文家良,52,52
1081,開心高球,澳洲,4,2018,棕,閹,$0,$0,0,0,0,0,羅富全,52,52
1082,闖一,澳洲,4,2018,棗,閹,$0,"$119,600",0,0,1,6,伍鵬志,43,51
1083,陸知,澳洲,4,2018,棗,閹,"$275,400","$457,400",0,1,1,10,黎昭昇,43,41
1084,陽光傳奇,澳洲,4,2018,棗,閹,"$48,600","$48,600",0,0,0,6,高伯新,38,45
1085,陽明冠爵,澳洲,6,2016,棗,閹,"$178,200","$1,650,320",2,2,2,28,韋達,41,45
1086,陽明天空,澳洲,4,2018,棗,閹,"$124,200","$717,000",1,0,1,3,呂健威,58,58
1087,險峰懸壁,美國,7,2015,深棗,雄,$0,$0,0,0,0,1,池江泰壽,,
1088,隱形翅膀,英國,4,2018,棗,閹,"$218,500","$1,239,000",0,2,2,11,姚本輝,68,70
1089,雄昇隊長,澳洲,3,2019,棕,閹,$0,$0,0,0,0,0,黎昭昇,52,52
1090,雅典武士,澳洲,4,2018,棕,閹,"$237,600","$237,600",0,1,0,2,大衛希斯,54,52
1091,雙天至尊,愛爾蘭,7,2015,棗,閹,"$237,600","$3,805,125",4,3,2,43,呂健威,59,59
1092,雙節棍,紐西蘭,8,2014,棗,閹,$0,"$2,899,410",4,1,2,27,方嘉柏,56,56
1093,雪勇神駒,愛爾蘭,3,2019,棗,閹,"$615,600","$615,600",1,0,0,1,沈集成,63,52
1094,雪山神駒,巴西,4,2018,栗,閹,$0,$0,0,0,0,0,沈集成,72,72
1095,雲彩飛揚,愛爾蘭,5,2017,棗,閹,"$490,050","$552,450",1,0,0,22,葉楚航,40,36
1096,雲行駿起,澳洲,3,2019,棗,閹,"$275,400","$462,400",0,2,0,6,沈集成,46,53
1097,零距離,澳洲,5,2017,棗,閹,$0,"$1,645,850",2,0,2,18,黎昭昇,44,44
1098,雷電鬥士,英國,3,2019,栗,閹,$0,$0,0,0,0,0,告東尼,76,76
1099,雷霆戰駒,澳洲,6,2016,棗,閹,$0,"$1,623,700",1,2,4,26,方嘉柏,34,34
1100,電子傳奇,澳洲,5,2017,棗,閹,"$379,500","$2,153,300",2,3,0,13,文家良,61,61
1101,電子兄弟,澳洲,5,2017,棗,閹,"$977,400","$1,845,800",1,4,2,16,文家良,48,43
1102,電子宇宙,澳洲,3,2019,棗／棕,閹,$0,$0,0,0,0,0,文家良,52,52
1103,電子彩虹,澳洲,4,2018,棗,閹,"$237,600","$310,400",0,1,0,5,大衛希斯,50,49
1104,電氣騎士,澳洲,4,2018,棗,閹,"$379,500","$1,027,250",1,1,0,6,韋達,72,70
1105,電源之駒,英國,4,2018,棗,閹,"$1,181,625","$3,677,925",3,1,3,16,蔡約翰,81,78
1106,電訊同心,澳洲,4,2018,棗／棕,閹,$0,$0,0,0,0,2,徐雨石,66,66
1107,電訊巴打,澳洲,6,2016,棗／棕,閹,"$1,653,000","$9,625,000",5,4,5,30,徐雨石,98,93
1108,電訊犇豹,紐西蘭,6,2016,栗,閹,$0,"$1,020,500",2,0,1,19,葉楚航,47,47
1109,電訊飛彈,澳洲,6,2016,棗,閹,"$179,550","$2,337,150",3,3,3,34,方嘉柏,37,43
1110,電訊飛車,澳洲,5,2017,栗,閹,"$60,375","$60,375",0,0,0,3,徐雨石,62,64
1111,電路七號,澳洲,5,2017,栗,閹,"$302,400","$1,992,720",2,2,1,29,告東尼,53,56
1112,電路九號,愛爾蘭,3,2019,灰,閹,$0,"$969,000",2,0,0,3,告東尼,64,64
1113,電路十一,澳洲,3,2019,棗,閹,$0,$0,0,0,0,0,告東尼,52,52
1114,電路十號,愛爾蘭,3,2019,棗,閹,"$103,500","$103,500",0,0,0,3,告東尼,60,63
1115,霹靂神龍,紐西蘭,4,2018,棗,閹,$0,$0,0,0,0,0,賀賢,52,52
1116,靈鋒,愛爾蘭,8,2014,棗,閹,$0,"$2,723,055",4,2,6,59,苗禮德,23,33
1117,青春向前,紐西蘭,4,2018,棗,閹,$0,$0,0,0,0,7,徐雨石,32,35
1118,靚蝦女,澳洲,5,2017,棗,閹,"$1,799,700","$2,444,500",2,2,2,15,韋達,65,48
1119,非凡之星,澳洲,5,2017,棗／棕,閹,$0,$0,0,0,0,0,蘇偉賢,70,70
1120,非凡膽識,澳洲,5,2017,棕,閹,"$48,600","$48,600",0,0,0,8,葉楚航,28,39
1121,非凡魅力,紐西蘭,7,2015,棗,閹,"$639,900","$1,450,480",1,2,2,29,賀賢,31,25
1122,非池,愛爾蘭,3,2019,棗,閹,$0,$0,0,0,0,0,沈集成,52,52
1123,韋小寶,紐西蘭,7,2015,栗,閹,"$1,596,975","$16,127,620",8,5,8,39,伍鵬志,112,109
1124,順利取勝,澳洲,4,2018,棕,閹,$0,$0,0,0,0,2,蔡約翰,48,48
1125,順勢而飛,澳洲,4,2018,棗,閹,"$3,421,900","$3,947,850",2,1,2,7,羅富全,79,65
1126,順勢贏,愛爾蘭,5,2017,棗,閹,$0,"$4,367,900",1,3,4,22,賀賢,71,73
1127,領航傳祺,紐西蘭,4,2018,棗,閹,"$432,000","$567,200",0,1,0,13,沈集成,42,43
1128,領航宇宙,紐西蘭,4,2018,棗,閹,$0,$0,0,0,0,1,黎昭昇,66,66
1129,領航神駒,澳洲,4,2018,栗,閹,"$102,600","$165,000",0,0,0,6,高伯新,46,48
1130,領航聖心,紐西蘭,3,2019,棗,閹,$0,$0,0,0,0,0,黎昭昇,52,52
1131,領頭先駒,紐西蘭,4,2018,棗,閹,$0,$0,0,0,0,4,容天鵬,68,70
1132,顏色大皇,愛爾蘭,2,2020,棗,閹,$0,$0,0,0,0,0,告東尼,69,69
1133,顏色王子,紐西蘭,5,2017,栗,閹,"$226,800","$226,800",0,0,1,10,韋達,36,42
1134,顯心星,澳洲,6,2016,栗,閹,"$3,423,500","$34,325,200",6,3,9,27,方嘉柏,119,120
1135,風中勁松,澳洲,5,2017,棗,隱睪,$0,"$478,850",0,0,1,10,蘇偉賢,53,57
1136,風流人物,紐西蘭,6,2016,栗,閹,$0,"$2,256,100",1,4,3,16,大衛希斯,59,60
1137,風火戰駒,澳洲,5,2017,栗,閹,"$2,267,100","$9,683,750",6,3,1,17,蔡約翰,102,96
1138,風繼續吹,澳洲,4,2018,栗,閹,"$615,600","$1,421,600",1,3,1,9,姚本輝,64,57
1139,風雷電,紐西蘭,5,2017,棗,閹,$0,"$1,593,400",2,1,0,4,沈集成,69,69
1140,飛來勁,澳洲,5,2017,棗,閹,$0,"$36,400",0,0,0,6,賀賢,42,46
1141,飛凡,愛爾蘭,4,2018,棗,閹,"$681,375","$5,192,600",2,7,2,24,蔡約翰,77,77
1142,飛天劍,澳洲,7,2015,棕,閹,$0,"$3,284,950",2,4,3,33,丁冠豪,55,55
1143,飛天神駒,巴西,5,2017,棗,雄,$0,"$1,138,250",1,0,0,18,苗禮德,62,69
1144,飛漲,愛爾蘭,4,2018,棗,閹,$0,"$400,350",0,1,0,4,韋達,65,65
1145,飛行棋,紐西蘭,3,2019,棕,閹,$0,$0,0,0,0,0,黎昭昇,52,52
1146,飛躍凱旋,紐西蘭,4,2018,棗,閹,$0,"$244,400",0,0,1,10,韋達,41,48
1147,飛躍坪山,紐西蘭,4,2018,棗,閹,$0,$0,0,0,0,0,丁冠豪,52,52
1148,飛輪步,澳洲,4,2018,棕,閹,$0,$0,0,0,0,0,方嘉柏,73,73
1149,飛輪閃耀,澳洲,6,2016,棗,閹,"$4,138,000","$22,719,250",3,5,3,22,沈集成,119,119
1150,飛馬好威,澳洲,4,2018,棗,閹,$0,$0,0,0,0,1,賀賢,52,52
1151,飛馬將軍,巴西,5,2017,棗,閹,"$418,000","$418,000",0,1,0,10,丁冠豪,63,66
1152,飛馬英雄,巴西,5,2017,栗,閹,$0,$0,0,0,0,2,徐雨石,74,76
1153,飛騰騅,法國,4,2018,棗,閹,"$64,800","$1,481,280",1,3,0,14,方嘉柏,50,58
1154,飛鷹翱翔,愛爾蘭,3,2019,棗,閹,$0,$0,0,0,0,0,伍鵬志,69,69
1155,首飾大亨,澳洲,4,2018,栗,閹,$0,"$265,200",0,1,0,4,蔡約翰,52,52
1156,香港精神,澳洲,5,2017,棕,閹,$0,"$1,766,000",2,2,1,19,苗禮德,48,52
1157,馬上旺,紐西蘭,4,2018,棗,閹,"$37,800","$100,200",0,0,0,6,呂健威,43,48
1158,馬上發達,澳洲,3,2019,棗,閹,$0,$0,0,0,0,0,葉楚航,52,52
1159,馬主星輝,英國,7,2015,栗,閹,"$747,900","$3,512,700",3,4,1,44,蘇偉賢,39,34
1160,馬主雄風,澳洲,4,2018,棗,閹,"$237,600","$237,600",0,1,0,1,蘇偉賢,53,52
1161,馬有運,澳洲,3,2019,棗,閹,$0,$0,0,0,0,0,伍鵬志,63,63
1162,馬林,澳洲,4,2018,棗,閹,$0,$0,0,0,0,0,韋達,52,52
1163,馬梟雄,澳洲,4,2018,棗,閹,$0,$0,0,0,0,2,蘇偉賢,65,67
1164,馬爾代夫,紐西蘭,6,2016,棗,閹,"$60,375","$5,144,395",3,6,4,29,賀賢,72,78
1165,馳風騁雨,澳洲,4,2018,棗,閹,$0,$0,0,0,0,0,蘇偉賢,52,52
1166,駟跑得,澳洲,5,2017,棗,閹,"$1,147,125","$2,061,025",1,1,1,12,大衛希斯,73,69
1167,駿寶,澳洲,4,2018,棕,閹,"$853,200","$853,200",1,1,0,3,羅富全,61,52
1168,駿爵士,澳洲,7,2015,棗,閹,"$583,200","$4,425,465",4,5,5,46,方嘉柏,45,43
1169,駿皇寶,澳洲,4,2018,棗,閹,$0,$0,0,0,0,2,蘇偉賢,62,64
1170,駿皇星,澳洲,7,2015,棗,閹,"$180,900","$2,840,740",3,3,1,40,文家良,54,59
1171,駿益善,紐西蘭,6,2016,栗,閹,"$234,375","$3,958,675",4,2,1,19,沈集成,77,80
1172,駿行星,澳洲,4,2018,栗,閹,$0,$0,0,0,0,0,方嘉柏,52,52
1173,駿馬快車,澳洲,5,2017,栗,閹,"$1,963,900","$2,144,450",1,0,2,7,姚本輝,86,82
1174,駿馬風采,澳洲,6,2016,棗,閹,"$3,009,600","$8,142,353",6,5,2,17,羅富全,101,88
1175,駿龍駒,英國,6,2016,灰,閹,"$577,875","$3,601,425",1,3,6,28,伍鵬志,70,73
1176,騰勝霸駒,澳洲,4,2018,棗,閹,$0,$0,0,0,0,0,韋達,67,67
1177,騰飛塔,紐西蘭,6,2016,棗,閹,$0,"$1,081,200",1,2,0,15,蘇偉賢,45,49
1178,驃騎飛,澳洲,7,2015,棗,閹,"$76,950","$1,271,045",2,1,0,27,何良,29,34
1179,驕陽,澳洲,5,2017,棗,閹,$0,$0,0,0,0,4,黎昭昇,44,47
1180,驚喜,澳洲,5,2017,棗,閹,"$1,368,000","$1,462,200",1,0,1,11,蔡約翰,70,65
1181,驛驛其達,紐西蘭,5,2017,棕,閹,"$226,800","$226,800",0,1,0,12,伍鵬志,29,28
1182,高份數,澳洲,3,2019,栗,閹,$0,$0,0,0,0,0,容天鵬,52,52
1183,高明駿將,澳洲,7,2015,棗,閹,"$645,788","$5,115,588",3,5,4,41,呂健威,63,62
1184,高瞻遠矚,紐西蘭,7,2015,棗,閹,"$636,500","$7,613,940",7,6,5,49,苗禮德,77,77
1185,高進明駒,澳洲,4,2018,棗,閹,$0,$0,0,0,0,0,容天鵬,63,63
1186,高韻,愛爾蘭,3,2019,棗,閹,$0,"$94,200",0,0,0,4,韋達,57,59
1187,高高,澳洲,5,2017,棗,閹,"$64,800","$1,901,600",3,1,0,16,苗禮德,53,58
1188,魅力一丁,澳洲,4,2018,棗,閹,"$340,200","$569,000",0,2,0,7,呂健威,54,54
1189,魅力一心,澳洲,4,2018,棗／棕,閹,$0,$0,0,0,0,0,蔡約翰,63,63
1190,魅力一驕,澳洲,3,2019,棗,閹,$0,$0,0,0,0,3,蔡約翰,47,52
1191,魅力仔,澳洲,5,2017,棕,閹,$0,"$326,200",0,1,1,9,文家良,41,41
1192,魅力寶駒,澳洲,4,2018,栗,閹,"$163,875","$1,411,875",2,0,0,7,蔡約翰,70,72
1193,魅力知遇,紐西蘭,4,2018,棗,閹,"$3,776,700","$3,776,700",4,1,0,5,蔡約翰,84,52
1194,魅影獵飛,澳洲,4,2018,棗,閹,"$37,800","$56,000",0,0,0,6,姚本輝,44,50
1195,鴻圖巨星,澳洲,8,2014,棕,閹,$0,"$3,102,330",2,3,4,47,葉楚航,29,31
1196,鴻運飛鷹,澳洲,6,2016,栗,閹,"$776,250","$5,713,550",3,4,4,31,呂健威,71,73
1197,鵲橋飛渡,德國,8,2014,棗,閹,$0,"$3,973,395",4,3,3,56,蘇偉賢,31,36
1198,鷹勇猴王,澳洲,4,2018,栗,閹,$0,$0,0,0,0,1,韋達,52,52
1199,鹿鼎記,紐西蘭,6,2016,棗,閹,"$1,393,200","$2,180,200",3,0,2,12,伍鵬志,63,53
1200,麒麟,紐西蘭,5,2017,棗,閹,"$37,800","$651,800",0,2,0,13,大衛希斯,38,41
1201,麗冠花環,日本,5,2017,棗,雌,$0,"$600,000",0,0,0,2,高野友和,,
1202,黃腳鱲,澳洲,4,2018,棗,閹,"$610,200","$1,021,000",0,2,4,8,呂健威,52,53
1203,黑桃火箭,澳洲,5,2017,棗,閹,"$258,750","$601,700",0,0,1,11,方嘉柏,72,73
1204,鼓浪精綵,紐西蘭,5,2017,棕,閹,"$951,750","$1,123,350",1,1,1,14,文家良,46,38
1205,鼓浪順風,紐西蘭,7,2015,棕,閹,"$140,400","$3,041,700",2,2,4,36,姚本輝,47,53
1206,鼓浪飛凡,紐西蘭,3,2019,棗,閹,"$615,600","$615,600",1,0,0,3,文家良,62,52
1207,齊叫好,日本,4,2018,棗,雌,"$792,000","$792,000",0,0,0,1,武英智,,
1208,齊喜,愛爾蘭,4,2018,灰,閹,"$28,350","$28,350",0,0,0,13,高伯新,30,39
1209,齊天大聖,紐西蘭,5,2017,棗,閹,"$1,664,625","$2,024,925",1,1,2,12,伍鵬志,71,60
1210,齊心勇士,澳洲,3,2019,棗,閹,$0,$0,0,0,0,0,呂健威,52,52
1211,齊心同行,澳洲,5,2017,棗,閹,"$1,296,975","$3,166,575",3,3,2,25,伍鵬志,66,61
1212,齊齊友福,澳洲,6,2016,棗,閹,"$739,200","$7,106,300",5,3,3,24,鄭俊偉,88,86
1213,龍之威,澳洲,4,2018,棗,閹,$0,$0,0,0,0,0,鄭俊偉,52,52
1214,龍之心,澳洲,4,2018,棕,閹,$0,$0,0,0,0,0,呂健威,52,52
1215,龍來了,日本,4,2018,棗,閹,"$37,800","$1,684,150",2,0,3,14,韋達,59,59
1216,龍城強將,澳洲,3,2019,棗,閹,$0,$0,0,0,0,0,韋達,52,52
1217,龍戰士,英國,8,2014,棗,閹,"$842,400","$3,116,100",4,1,4,37,伍鵬志,56,49
1218,龍東傳承,澳洲,5,2017,栗,閹,"$64,800","$813,600",1,0,1,12,文家良,45,48
1219,龍的風采,澳洲,4,2018,棗,閹,$0,$0,0,0,0,1,韋達,52,52
1220,龍船快,英國,4,2018,棗,閹,$0,$0,0,0,0,7,呂健威,40,46
1221,龍船狀元,愛爾蘭,4,2018,栗,閹,"$399,000","$1,623,600",1,0,2,10,告東尼,79,77
1222,龍騰飛翔,紐西蘭,5,2017,棗,閹,"$862,500","$2,867,450",2,3,4,19,葉楚航,66,64
1223,龍鼓飛揚,愛爾蘭,7,2015,灰,閹,$0,"$12,650,250",4,4,3,24,伍鵬志,118,118
