,HorseName,HorseOrigin,Age,YearOfBirth,Color,Sex,H_SeasonalStake,H_TotalStake,H_1st,H_2nd,H_3rd,H_Total,H_Trainer,CurrentRating,StartofTheSeasonRating
0,一代莊主,美國,7,2015,栗,閹,Not Available,"$752,750",1,1,0,21,Not Available,20,NotAvailable
1,一切順利,紐西蘭,7,2015,棗,閹,Not Available,$0,0,0,0,1,Not Available,52,NotAvailable
2,一定讚,紐西蘭,7,2015,棗,閹,Not Available,"$790,000",1,1,0,2,Not Available,59,NotAvailable
3,一拍即合,紐西蘭,7,2015,棗,閹,Not Available,"$3,722,800",4,1,3,10,Not Available,82,NotAvailable
4,一擊即中,澳洲,7,2015,棗,閹,Not Available,$0,0,0,0,4,Not Available,40,NotAvailable
5,一見傾心,澳洲,7,2015,棕,閹,Not Available,"$1,235,845",1,0,4,32,Not Available,25,NotAvailable
6,一路順風,澳洲,7,2015,栗,閹,Not Available,"$1,908,605",2,2,5,25,Not Available,46,NotAvailable
7,三圓䮭路,愛爾蘭,7,2015,栗,閹,Not Available,"$4,167,485",4,5,2,43,Not Available,57,NotAvailable
8,上捕先鋒,南非,7,2015,棕,閹,Not Available,"$728,755",1,0,2,29,Not Available,31,NotAvailable
9,上浦福滿,法國,7,2015,棗,閹,Not Available,"$3,251,700",3,3,4,53,Not Available,19,NotAvailable
10,上浦精神,紐西蘭,7,2015,棗,閹,Not Available,"$45,000",0,0,0,8,Not Available,25,NotAvailable
11,上駿奔馳,澳洲,7,2015,棗,閹,Not Available,$0,0,0,0,5,Not Available,57,NotAvailable
12,不羈的風,澳洲,7,2015,灰,閹,Not Available,"$4,010,700",4,4,1,30,Not Available,76,NotAvailable
13,世紀舞王,澳洲,7,2015,棗,閹,Not Available,"$60,000",0,0,0,11,Not Available,49,NotAvailable
14,中華之光,澳洲,7,2015,棗,閹,Not Available,"$4,350,970",4,4,2,50,Not Available,55,NotAvailable
15,乘勢歡心,英國,7,2015,棗,閹,Not Available,"$1,288,090",2,0,0,16,Not Available,51,NotAvailable
16,事事亨通,澳洲,7,2015,栗,閹,Not Available,"$2,145,300",0,3,4,21,Not Available,63,NotAvailable
17,事在必行,澳洲,7,2015,棗,閹,Not Available,"$29,750",0,0,0,1,Not Available,50,NotAvailable
18,亮先生,澳洲,7,2015,棗,閹,Not Available,"$4,588,750",4,1,2,33,Not Available,55,NotAvailable
19,亮麗,法國,7,2015,栗,閹,Not Available,$0,0,0,0,3,Not Available,68,NotAvailable
20,仁者荃心,愛爾蘭,7,2015,棗,閹,Not Available,"$12,740,050",5,4,3,30,Not Available,120,NotAvailable
21,仙履奇遇,紐西蘭,7,2015,棗,閹,Not Available,"$635,480",0,2,1,7,Not Available,57,NotAvailable
22,仙樂勇士,澳洲,7,2015,棗,閹,Not Available,$0,0,0,0,1,Not Available,52,NotAvailable
23,任意駒,英國,7,2015,棗,閹,Not Available,$0,0,0,0,10,Not Available,28,NotAvailable
24,任我行,南非,7,2015,棕,閹,Not Available,"$7,766,800",2,5,0,26,Not Available,88,NotAvailable
25,佳力寶,澳洲,7,2015,棗,閹,Not Available,$0,0,0,0,1,Not Available,52,NotAvailable
26,佳景福星,澳洲,7,2015,棗,閹,Not Available,"$4,020,485",4,2,3,25,Not Available,65,NotAvailable
27,倚蓬萊,美國,7,2015,栗,雌,Not Available,"$2,000,000",0,0,1,1,Not Available,,NotAvailable
28,倫敦塔,日本,7,2015,棗,雄,Not Available,$0,0,0,0,1,Not Available,,NotAvailable
29,倬躍錦標,澳洲,7,2015,棗,閹,Not Available,"$693,000",0,1,0,9,Not Available,78,NotAvailable
30,偉大勝利,愛爾蘭,7,2015,栗,閹,Not Available,"$1,715,694",1,2,1,23,Not Available,63,NotAvailable
31,健康就好,紐西蘭,7,2015,棕,閹,Not Available,$0,0,0,0,5,Not Available,56,NotAvailable
32,健快聯盟,紐西蘭,7,2015,栗,閹,Not Available,"$7,190,950",6,3,3,28,Not Available,74,NotAvailable
33,傑彩繽紛,澳洲,7,2015,棗,閹,Not Available,"$5,318,500",1,5,2,33,Not Available,73,NotAvailable
34,傳奇,澳洲,7,2015,棗,閹,Not Available,"$4,445,855",4,3,4,55,Not Available,37,NotAvailable
35,傳盛,澳洲,7,2015,棗,閹,Not Available,"$7,491,140",5,7,3,35,Not Available,81,NotAvailable
36,優悠皇,南非,7,2015,棗,閹,Not Available,"$605,350",0,1,2,13,Not Available,62,NotAvailable
37,先兵,澳洲,7,2015,棗,閹,Not Available,$0,0,0,0,1,Not Available,52,NotAvailable
38,全力衝,澳洲,7,2015,棗,閹,Not Available,"$255,000",0,1,0,13,Not Available,21,NotAvailable
39,全勝神駒,紐西蘭,7,2015,棗,閹,Not Available,"$1,253,300",1,1,2,16,Not Available,60,NotAvailable
40,全心全意,紐西蘭,7,2015,棗,閹,Not Available,"$1,890,485",2,3,0,28,Not Available,29,NotAvailable
41,八太子,澳洲,7,2015,棕,閹,Not Available,"$6,039,480",6,5,2,37,Not Available,78,NotAvailable
42,八進,愛爾蘭,7,2015,棗,閹,Not Available,"$2,353,890",3,3,2,43,Not Available,37,NotAvailable
43,八駿雄風,紐西蘭,7,2015,栗,閹,Not Available,"$592,500",1,1,0,11,Not Available,34,NotAvailable
44,公証福將,澳洲,7,2015,棗,閹,Not Available,"$6,129,800",4,4,7,49,Not Available,61,NotAvailable
45,共同勝利,澳洲,7,2015,栗,閹,Not Available,"$1,644,950",1,1,1,15,Not Available,73,NotAvailable
46,冠軍車手,日本,7,2015,棗,雄,Not Available,"$858,000",0,0,0,2,Not Available,,NotAvailable
47,冠鋒,紐西蘭,7,2015,棗,閹,Not Available,"$638,845",1,0,0,14,Not Available,56,NotAvailable
48,凱倫致寶,紐西蘭,7,2015,灰,閹,Not Available,"$483,000",0,0,2,14,Not Available,69,NotAvailable
49,凱旋來,南非,7,2015,棗,閹,Not Available,"$1,804,500",1,1,0,18,Not Available,64,NotAvailable
50,凱旋戰士,紐西蘭,7,2015,棕,閹,Not Available,"$137,875",0,0,1,20,Not Available,15,NotAvailable
51,利之贏,澳洲,7,2015,棗,閹,Not Available,"$105,000",0,0,0,15,Not Available,42,NotAvailable
52,前進,紐西蘭,7,2015,棗,閹,Not Available,"$1,898,810",2,2,1,18,Not Available,53,NotAvailable
53,創意天才,澳洲,7,2015,棕,閹,Not Available,"$163,500",0,0,0,8,Not Available,79,NotAvailable
54,創紀錄,澳洲,7,2015,棗,閹,Not Available,"$413,250",1,0,0,17,Not Available,24,NotAvailable
55,力王,西班牙,7,2015,棗,閹,Not Available,"$2,334,255",1,3,4,43,Not Available,34,NotAvailable
56,加州嶺域,愛爾蘭,7,2015,棗,閹,Not Available,"$422,500",0,1,1,14,Not Available,52,NotAvailable
57,加州明雋,愛爾蘭,7,2015,棗,閹,Not Available,"$2,698,895",3,2,5,40,Not Available,34,NotAvailable
58,加州更好,法國,7,2015,棕,閹,Not Available,"$2,974,390",2,3,3,34,Not Available,56,NotAvailable
59,勁力勇士,澳洲,7,2015,棗,閹,Not Available,"$2,063,000",2,0,1,10,Not Available,81,NotAvailable
60,勁力威龍,紐西蘭,7,2015,棕,閹,Not Available,"$2,473,928",1,3,7,30,Not Available,47,NotAvailable
61,勁力爆發,澳洲,7,2015,棗,閹,Not Available,$0,0,0,0,2,Not Available,52,NotAvailable
62,勁加加,紐西蘭,7,2015,棗,閹,Not Available,"$1,052,455",0,1,3,28,Not Available,42,NotAvailable
63,勁快步,紐西蘭,7,2015,棗,閹,Not Available,"$1,784,950",2,2,4,40,Not Available,17,NotAvailable
64,勁瀟灑,澳洲,7,2015,棗,閹,Not Available,"$1,675,400",2,2,1,25,Not Available,41,NotAvailable
65,勁無比,紐西蘭,7,2015,棗,閹,Not Available,"$5,627,700",5,2,3,32,Not Available,73,NotAvailable
66,勁進,愛爾蘭,7,2015,棗,閹,Not Available,$0,0,0,0,13,Not Available,30,NotAvailable
67,勁飛聖,紐西蘭,7,2015,棗,閹,Not Available,"$3,796,825",3,9,4,56,Not Available,23,NotAvailable
68,勇冠全城,澳洲,7,2015,棗,閹,Not Available,"$62,300",0,0,0,9,Not Available,33,NotAvailable
69,勇敢皇者,愛爾蘭,7,2015,栗,閹,Not Available,"$665,750",0,1,1,19,Not Available,48,NotAvailable
70,勇晉大師,德國,7,2015,栗,閹,Not Available,"$1,551,725",3,0,1,28,Not Available,33,NotAvailable
71,勇福星,紐西蘭,7,2015,栗,閹,Not Available,"$1,032,505",2,1,1,16,Not Available,43,NotAvailable
72,勇者勝,澳洲,7,2015,棗,閹,Not Available,"$2,184,095",3,1,1,28,Not Available,52,NotAvailable
73,動力飛鷹,紐西蘭,7,2015,棗,閹,Not Available,"$4,953,350",5,2,3,45,Not Available,67,NotAvailable
74,勝出光采,日本,7,2015,灰,雄,Not Available,"$35,800,000",2,1,0,3,Not Available,,NotAvailable
75,勝利在手,紐西蘭,7,2015,棕,閹,Not Available,"$2,460,130",2,4,2,24,Not Available,56,NotAvailable
76,勝利多多,澳洲,7,2015,棗,閹,Not Available,"$348,400",0,1,1,5,Not Available,48,NotAvailable
77,勝利波幅,愛爾蘭,7,2015,棗,閹,Not Available,"$1,327,400",1,2,1,20,Not Available,44,NotAvailable
78,勝利風範,澳洲,7,2015,棕,閹,Not Available,"$6,608,550",5,2,3,25,Not Available,85,NotAvailable
79,勝將飛騰,紐西蘭,7,2015,棗,閹,Not Available,"$115,000",0,0,1,7,Not Available,40,NotAvailable
80,勝感,澳洲,7,2015,棗,閹,Not Available,"$1,497,785",2,0,1,20,Not Available,60,NotAvailable
81,勝賢,英國,7,2015,棗,閹,Not Available,"$4,163,800",3,3,4,30,Not Available,76,NotAvailable
82,勞動創造,愛爾蘭,7,2015,棗,閹,Not Available,"$3,773,400",3,2,3,23,Not Available,84,NotAvailable
83,包裝千里,紐西蘭,7,2015,栗,閹,Not Available,$0,0,0,0,2,Not Available,50,NotAvailable
84,包裝威王,紐西蘭,7,2015,深棗,閹,Not Available,$0,0,0,0,3,Not Available,49,NotAvailable
85,包裝得勝,紐西蘭,7,2015,棗,閹,Not Available,"$380,200",0,1,1,12,Not Available,38,NotAvailable
86,包裝智星,澳洲,7,2015,棗,閹,Not Available,$0,0,0,0,1,Not Available,65,NotAvailable
87,包裝永勝,澳洲,7,2015,棗,閹,Not Available,"$2,053,000",0,0,2,5,Not Available,100,NotAvailable
88,包裝永旺,法國,7,2015,棗,閹,Not Available,"$848,000",0,1,0,9,Not Available,90,NotAvailable
89,北區威龍,紐西蘭,7,2015,棗,閹,Not Available,"$345,400",0,1,0,5,Not Available,64,NotAvailable
90,千里駿駒,澳洲,7,2015,栗,閹,Not Available,"$616,150",1,0,2,14,Not Available,41,NotAvailable
91,千金一諾,紐西蘭,7,2015,灰,閹,Not Available,"$2,606,000",4,1,3,35,Not Available,31,NotAvailable
92,協霸神駒,巴西,7,2015,棗,閹,Not Available,"$8,667,000",3,4,1,23,Not Available,105,NotAvailable
93,南區有,澳洲,7,2015,栗,閹,Not Available,"$1,177,500",1,0,0,11,Not Available,70,NotAvailable
94,南莊加寶,紐西蘭,7,2015,棗,閹,Not Available,"$6,116,250",6,2,4,34,Not Available,71,NotAvailable
95,卡比叻叻,澳洲,7,2015,棗,閹,Not Available,$0,0,0,0,5,Not Available,38,NotAvailable
96,又係熊,南非,7,2015,棗,閹,Not Available,"$4,267,400",4,1,1,28,Not Available,80,NotAvailable
97,及時行樂,紐西蘭,7,2015,棗,閹,Not Available,"$4,364,435",4,6,5,49,Not Available,52,NotAvailable
98,友瑩昇,英國,7,2015,棗,閹,Not Available,"$46,800",0,0,0,16,Not Available,16,NotAvailable
99,友盈有款,澳洲,7,2015,棗,閹,Not Available,"$1,300,375",2,0,3,32,Not Available,31,NotAvailable
100,友誼之星,澳洲,7,2015,栗,閹,Not Available,"$3,833,109",4,4,1,50,Not Available,48,NotAvailable
101,友誼至好,愛爾蘭,7,2015,棗,閹,Not Available,"$8,902,750",5,4,0,32,Not Available,105,NotAvailable
102,叫關盈富,英國,7,2015,棗,閹,Not Available,$0,0,0,0,10,Not Available,16,NotAvailable
103,叻叻精彩,澳洲,7,2015,棗,閹,Not Available,"$1,244,605",1,2,1,16,Not Available,54,NotAvailable
104,叻紫荊,澳洲,7,2015,棗,閹,Not Available,$0,0,0,0,1,Not Available,50,NotAvailable
105,叻者,澳洲,7,2015,灰,閹,Not Available,$0,0,0,0,2,Not Available,49,NotAvailable
106,叻蝦皇,紐西蘭,7,2015,棗,閹,Not Available,"$35,000",0,0,0,8,Not Available,37,NotAvailable
107,同樂日,英國,7,2015,灰,閹,Not Available,"$4,129,550",1,5,6,39,Not Available,70,NotAvailable
108,名牌效應,澳洲,7,2015,棗,閹,Not Available,"$335,000",0,1,1,7,Not Available,45,NotAvailable
109,后土,愛爾蘭,7,2015,棗,雌,Not Available,"$1,482,000",0,0,0,1,Not Available,,NotAvailable
110,向前看,愛爾蘭,7,2015,棗,閹,Not Available,"$1,282,175",2,2,1,39,Not Available,10,NotAvailable
111,君臨大地,法國,7,2015,棗,閹,Not Available,"$4,107,740",4,4,6,65,Not Available,38,NotAvailable
112,君達星,紐西蘭,7,2015,棗,閹,Not Available,"$9,062,690",7,2,1,27,Not Available,109,NotAvailable
113,和平路,澳洲,7,2015,棕,閹,Not Available,"$1,624,625",0,3,2,29,Not Available,49,NotAvailable
114,哈蝦王旺,紐西蘭,7,2015,棗,閹,Not Available,"$1,169,774",2,0,1,27,Not Available,33,NotAvailable
115,唯快不破,紐西蘭,7,2015,棕,閹,Not Available,$0,0,0,0,4,Not Available,44,NotAvailable
116,唯獨愛你,日本,7,2015,棗,雌,Not Available,"$31,350,000",2,0,0,2,Not Available,,NotAvailable
117,善傳千里,紐西蘭,7,2015,棗,閹,Not Available,"$3,072,910",4,3,2,36,Not Available,51,NotAvailable
118,喜佳龍,英國,7,2015,灰,閹,Not Available,"$5,912,450",4,5,2,28,Not Available,81,NotAvailable
119,喜勝勁駒,澳洲,7,2015,棗,閹,Not Available,"$3,403,600",3,1,1,10,Not Available,89,NotAvailable
120,喜勝駒,澳洲,7,2015,棗,閹,Not Available,"$4,175,070",4,2,4,31,Not Available,73,NotAvailable
121,喜又盈,澳洲,7,2015,棗,閹,Not Available,"$26,250",0,0,0,14,Not Available,15,NotAvailable
122,喜多樂,澳洲,7,2015,棗,閹,Not Available,"$1,057,545",1,1,3,24,Not Available,32,NotAvailable
123,喜奔騰,澳洲,7,2015,栗,閹,Not Available,"$465,500",0,1,2,17,Not Available,21,NotAvailable
124,喜孖,澳洲,7,2015,栗,閹,Not Available,$0,0,0,0,3,Not Available,46,NotAvailable
125,喜悅天空,英國,7,2015,棗,閹,Not Available,$0,0,0,0,15,Not Available,21,NotAvailable
126,喜氣綿綿,紐西蘭,7,2015,灰,閹,Not Available,"$2,213,000",4,2,0,34,Not Available,44,NotAvailable
127,喜盈運,澳洲,7,2015,棗／棕,閹,Not Available,"$3,028,595",3,4,4,55,Not Available,35,NotAvailable
128,喜蓮新星,英國,7,2015,棗,閹,Not Available,$0,0,0,0,2,Not Available,69,NotAvailable
129,喜蓮騏星,澳洲,7,2015,棗,閹,Not Available,"$6,113,250",2,2,4,31,Not Available,87,NotAvailable
130,喜豐寶,澳洲,7,2015,棗,閹,Not Available,"$2,507,000",1,0,1,3,Not Available,94,NotAvailable
131,喜跑,紐西蘭,7,2015,栗,閹,Not Available,"$115,000",0,0,1,7,Not Available,40,NotAvailable
132,喜進龍,法國,7,2015,棗,閹,Not Available,"$357,500",0,1,1,14,Not Available,32,NotAvailable
133,嘉喜旺,愛爾蘭,7,2015,棕,閹,Not Available,"$1,100,530",1,2,1,19,Not Available,37,NotAvailable
134,嘉域騏,澳洲,7,2015,棗,閹,Not Available,"$250,300",0,0,1,13,Not Available,52,NotAvailable
135,嘉應傳奇,阿根廷,7,2015,棗,閹,Not Available,"$2,036,000",1,3,1,19,Not Available,75,NotAvailable
136,嘉應風采,澳洲,7,2015,棗,閹,Not Available,"$1,401,900",1,4,1,32,Not Available,22,NotAvailable
137,嘉才,愛爾蘭,7,2015,栗,閹,Not Available,"$1,367,200",1,2,1,24,Not Available,53,NotAvailable
138,四條煙,澳洲,7,2015,栗,閹,Not Available,"$800,950",1,0,0,17,Not Available,52,NotAvailable
139,團結一致,南非,7,2015,棗,閹,Not Available,"$2,121,250",1,2,5,27,Not Available,51,NotAvailable
140,團結力量,澳洲,7,2015,栗,閹,Not Available,"$2,004,170",2,2,1,8,Not Available,66,NotAvailable
141,地通拿,英國,7,2015,棗,閹,Not Available,"$440,000",0,2,0,9,Not Available,57,NotAvailable
142,型感,紐西蘭,7,2015,棕,閹,Not Available,"$86,250",0,0,1,11,Not Available,35,NotAvailable
143,塑料喜,紐西蘭,7,2015,棗／棕,閹,Not Available,"$3,668,210",3,8,4,52,Not Available,35,NotAvailable
144,壽臣,澳洲,7,2015,栗,閹,Not Available,"$4,445,320",4,3,3,41,Not Available,60,NotAvailable
145,多多利高,澳洲,7,2015,棕,閹,Not Available,"$637,500",1,1,0,14,Not Available,37,NotAvailable
146,夢幻戰士,澳洲,7,2015,棗,閹,Not Available,"$3,173,103",3,2,5,31,Not Available,59,NotAvailable
147,大俠士,澳洲,7,2015,棗,閹,Not Available,"$2,662,500",2,2,1,18,Not Available,82,NotAvailable
148,大將風皇,英國,7,2015,棗,閹,Not Available,"$97,750",0,0,1,5,Not Available,48,NotAvailable
149,大有心得,澳洲,7,2015,栗,閹,Not Available,"$1,410,000",2,0,1,8,Not Available,60,NotAvailable
150,大武士,澳洲,7,2015,棗,閹,Not Available,"$4,593,100",5,0,1,48,Not Available,48,NotAvailable
151,大當家,愛爾蘭,7,2015,棗,閹,Not Available,"$738,500",0,2,1,26,Not Available,28,NotAvailable
152,大眾歡呼,澳洲,7,2015,棗,閹,Not Available,"$2,686,400",3,1,2,15,Not Available,70,NotAvailable
153,大笑星,澳洲,7,2015,棕,雌,Not Available,$0,0,0,0,4,Not Available,45,NotAvailable
154,大籐王,紐西蘭,7,2015,棕,閹,Not Available,"$21,039,300",7,7,4,42,Not Available,94,NotAvailable
155,大紅包,澳洲,7,2015,棗,閹,Not Available,"$6,491,550",5,2,2,30,Not Available,90,NotAvailable
156,大紅蜂,紐西蘭,7,2015,棗,閹,Not Available,"$3,465,000",4,1,0,6,Not Available,89,NotAvailable
157,大自然,法國,7,2015,栗,閹,Not Available,"$150,000",0,0,1,14,Not Available,46,NotAvailable
158,大軍閥,紐西蘭,7,2015,栗,閹,Not Available,"$734,400",1,0,1,12,Not Available,43,NotAvailable
159,大金庫,美國,7,2015,棗,閹,Not Available,"$6,787,700",3,1,3,32,Not Available,74,NotAvailable
160,大雷暴,澳洲,7,2015,棗,閹,Not Available,"$1,198,250",0,2,2,15,Not Available,66,NotAvailable
161,大鴻彩,紐西蘭,7,2015,棗,閹,Not Available,$0,0,0,0,2,Not Available,50,NotAvailable
162,天作之合,英國,7,2015,棗,閹,Not Available,"$942,000",1,0,0,4,Not Available,85,NotAvailable
163,天地人,澳洲,7,2015,栗,閹,Not Available,"$5,456,900",6,2,1,31,Not Available,74,NotAvailable
164,天地同心,紐西蘭,7,2015,棗,閹,Not Available,"$2,350,850",2,5,4,36,Not Available,35,NotAvailable
165,天外天,澳洲,7,2015,棗,閹,Not Available,"$4,268,600",4,0,6,33,Not Available,62,NotAvailable
166,天生一對,紐西蘭,7,2015,棗,閹,Not Available,"$3,530,710",3,3,4,28,Not Available,66,NotAvailable
167,天衣無縫,愛爾蘭,7,2015,栗,閹,Not Available,"$1,578,400",2,2,0,28,Not Available,35,NotAvailable
168,天賜寶,紐西蘭,7,2015,棗,閹,Not Available,"$4,299,110",7,2,5,47,Not Available,48,NotAvailable
169,天賜歡,紐西蘭,7,2015,棗,閹,Not Available,"$35,000",0,0,0,6,Not Available,38,NotAvailable
170,天賦威力,愛爾蘭,7,2015,棗,閹,Not Available,"$1,625,800",3,0,2,29,Not Available,43,NotAvailable
171,太白山,紐西蘭,7,2015,灰,閹,Not Available,$0,0,0,0,6,Not Available,32,NotAvailable
172,太空戰士,紐西蘭,7,2015,栗,閹,Not Available,"$111,205",0,0,1,13,Not Available,46,NotAvailable
173,太陽勝將,澳洲,7,2015,栗,閹,Not Available,$0,0,0,0,6,Not Available,32,NotAvailable
174,太陽威威,澳洲,7,2015,棕,閹,Not Available,"$8,991,650",6,3,2,32,Not Available,85,NotAvailable
175,太陽戰馬,澳洲,7,2015,棕,閹,Not Available,"$1,260,175",0,4,3,30,Not Available,30,NotAvailable
176,奇妙仙子,澳洲,7,2015,棗,雌,Not Available,"$51,000",0,0,0,9,Not Available,19,NotAvailable
177,奇妙日,愛爾蘭,7,2015,棗,閹,Not Available,"$1,899,490",1,3,3,33,Not Available,43,NotAvailable
178,奇妙星,澳洲,7,2015,栗,閹,Not Available,"$1,543,750",1,2,0,12,Not Available,67,NotAvailable
179,奇妙飛揚,澳洲,7,2015,棗,閹,Not Available,$0,0,0,0,10,Not Available,15,NotAvailable
180,奇真,法國,7,2015,棗,閹,Not Available,"$6,236,040",4,9,8,73,Not Available,47,NotAvailable
181,奔達之星,澳洲,7,2015,栗,閹,Not Available,$0,0,0,0,10,Not Available,23,NotAvailable
182,奪速,澳洲,7,2015,棗,閹,Not Available,$0,0,0,0,12,Not Available,39,NotAvailable
183,奮鬥之星,澳洲,7,2015,棗,閹,Not Available,$0,0,0,0,6,Not Available,34,NotAvailable
184,奮鬥同心,澳洲,7,2015,棗,閹,Not Available,"$3,247,090",4,1,0,14,Not Available,82,NotAvailable
185,好友無敵,澳洲,7,2015,棗,閹,Not Available,"$3,908,355",5,2,3,64,Not Available,34,NotAvailable
186,好友祥勝,紐西蘭,7,2015,棗,閹,Not Available,"$434,125",0,2,1,18,Not Available,20,NotAvailable
187,好友順,澳洲,7,2015,棗,閹,Not Available,$0,0,0,0,6,Not Available,36,NotAvailable
188,好大大,澳洲,7,2015,棕,閹,Not Available,"$1,181,190",2,0,0,5,Not Available,62,NotAvailable
189,好好利高,澳洲,7,2015,棗,閹,Not Available,"$5,752,150",5,1,3,16,Not Available,92,NotAvailable
190,好好瑪,紐西蘭,7,2015,棗,雄,Not Available,"$9,024,825",4,0,1,25,Not Available,97,NotAvailable
191,好攻勢,澳洲,7,2015,棗,閹,Not Available,"$855,300",1,2,0,12,Not Available,34,NotAvailable
192,好甜橙,澳洲,7,2015,栗,閹,Not Available,"$3,953,324",5,4,0,39,Not Available,42,NotAvailable
193,好計,紐西蘭,7,2015,棗,閹,Not Available,"$2,787,470",3,1,4,35,Not Available,60,NotAvailable
194,好運,澳洲,7,2015,栗,閹,Not Available,"$3,901,840",4,2,5,26,Not Available,78,NotAvailable
195,好運多寶,澳洲,7,2015,棗,閹,Not Available,$0,0,0,0,16,Not Available,15,NotAvailable
196,好鬥心,愛爾蘭,7,2015,棗／棕,閹,Not Available,"$3,183,250",2,3,2,18,Not Available,79,NotAvailable
197,如沐春風,愛爾蘭,7,2015,棗,閹,Not Available,"$1,887,495",2,4,2,48,Not Available,25,NotAvailable
198,如真如假,澳洲,7,2015,棗,閹,Not Available,"$3,372,990",2,7,3,21,Not Available,71,NotAvailable
199,妙算達人,澳洲,7,2015,棕,閹,Not Available,"$11,505,500",2,3,2,26,Not Available,72,NotAvailable
200,威力喜,澳洲,7,2015,棗,閹,Not Available,"$74,100",0,0,0,17,Not Available,11,NotAvailable
201,威力得得,澳洲,7,2015,棗,閹,Not Available,$0,0,0,0,2,Not Available,49,NotAvailable
202,威力爆發,愛爾蘭,7,2015,灰,閹,Not Available,"$191,250",0,1,0,10,Not Available,35,NotAvailable
203,威威心得,愛爾蘭,7,2015,棗,閹,Not Available,"$1,901,850",0,2,6,25,Not Available,56,NotAvailable
204,威星神駒,澳洲,7,2015,栗,閹,Not Available,"$330,000",0,1,0,7,Not Available,62,NotAvailable
205,威榮,澳洲,7,2015,棗,閹,Not Available,$0,0,0,0,2,Not Available,48,NotAvailable
206,威武承傳,法國,7,2015,棕,閹,Not Available,"$2,038,640",3,0,2,18,Not Available,59,NotAvailable
207,威紫荊,紐西蘭,7,2015,棗,閹,Not Available,"$453,750",1,0,0,16,Not Available,19,NotAvailable
208,威闖,英國,7,2015,棗,閹,Not Available,"$2,452,650",2,2,1,30,Not Available,61,NotAvailable
209,威風凜凜,澳洲,7,2015,棗,閹,Not Available,"$144,270",0,0,1,10,Not Available,29,NotAvailable
210,威風駿馬,澳洲,7,2015,棕,閹,Not Available,"$1,340,590",1,2,2,23,Not Available,36,NotAvailable
211,娛樂大少,澳洲,7,2015,棗,閹,Not Available,"$136,195",0,0,0,11,Not Available,25,NotAvailable
212,嫡愛摯寶,澳洲,7,2015,灰,閹,Not Available,"$2,173,765",1,5,3,28,Not Available,45,NotAvailable
213,孖寶,澳洲,7,2015,栗,閹,Not Available,"$2,823,265",2,4,3,22,Not Available,56,NotAvailable
214,宇宙紀錄,南非,7,2015,栗,閹,Not Available,$0,0,0,0,9,Not Available,25,NotAvailable
215,宇宙經典,紐西蘭,7,2015,棗,閹,Not Available,$0,0,0,0,2,Not Available,49,NotAvailable
216,宇宙英雄,澳洲,7,2015,栗,閹,Not Available,$0,0,0,0,10,Not Available,45,NotAvailable
217,安到,澳洲,7,2015,栗,閹,Not Available,$0,0,0,0,3,Not Available,47,NotAvailable
218,安定繁盛,澳洲,7,2015,棗,閹,Not Available,"$1,773,138",2,2,2,24,Not Available,40,NotAvailable
219,安旋,愛爾蘭,7,2015,棗,閹,Not Available,$0,0,0,0,1,Not Available,52,NotAvailable
220,安賦,愛爾蘭,7,2015,棗,閹,Not Available,"$4,761,015",4,5,3,29,Not Available,79,NotAvailable
221,安迅,愛爾蘭,7,2015,棗,閹,Not Available,"$371,500",0,1,0,9,Not Available,62,NotAvailable
222,安逸寧靜,愛爾蘭,7,2015,棗,閹,Not Available,"$729,800",1,0,0,23,Not Available,38,NotAvailable
223,安錦,愛爾蘭,7,2015,棕,閹,Not Available,$0,0,0,0,4,Not Available,60,NotAvailable
224,家家勝意,澳洲,7,2015,栗,閹,Not Available,"$88,500",0,0,0,17,Not Available,29,NotAvailable
225,富祿,紐西蘭,7,2015,棗,閹,Not Available,"$5,294,805",5,4,5,34,Not Available,73,NotAvailable
226,富萬家,澳洲,7,2015,棗,閹,Not Available,"$3,861,730",4,7,1,42,Not Available,52,NotAvailable
227,實力飛駒,澳洲,7,2015,棗,閹,Not Available,"$7,253,375",8,4,0,46,Not Available,63,NotAvailable
228,實勁力達,法國,7,2015,灰,閹,Not Available,$0,0,0,0,1,Not Available,,NotAvailable
229,寶山鷹,澳洲,7,2015,棗,閹,Not Available,"$2,042,250",2,2,0,23,Not Available,38,NotAvailable
230,寶得住,愛爾蘭,7,2015,棗,閹,Not Available,"$1,827,595",2,1,2,39,Not Available,35,NotAvailable
231,寶成智叻,紐西蘭,7,2015,栗,閹,Not Available,$0,0,0,0,7,Not Available,31,NotAvailable
232,將悅,澳洲,7,2015,棗,閹,Not Available,"$2,982,250",1,0,1,13,Not Available,86,NotAvailable
233,將耀,紐西蘭,7,2015,棕,閹,Not Available,"$3,717,000",2,2,3,30,Not Available,68,NotAvailable
234,小武士,紐西蘭,7,2015,棗,閹,Not Available,"$198,900",0,1,0,11,Not Available,36,NotAvailable
235,小福將,紐西蘭,7,2015,棗,閹,Not Available,"$737,185",0,2,1,22,Not Available,25,NotAvailable
236,小鳥敖翔,澳洲,7,2015,栗,閹,Not Available,"$4,693,900",4,5,3,45,Not Available,44,NotAvailable
237,尖子,德國,7,2015,灰,閹,Not Available,"$859,455",0,2,4,33,Not Available,28,NotAvailable
238,尖辣椒,澳洲,7,2015,棗,閹,Not Available,"$280,000",0,1,0,10,Not Available,42,NotAvailable
239,尚方寶駒,愛爾蘭,7,2015,棗,閹,Not Available,"$121,250",0,0,1,9,Not Available,36,NotAvailable
240,山桃,美國,7,2015,棗,閹,Not Available,$0,0,0,0,3,Not Available,64,NotAvailable
241,嶺寶峯,英國,7,2015,栗,閹,Not Available,"$1,415,988",1,0,3,31,Not Available,48,NotAvailable
242,川河明駒,澳洲,7,2015,棕,閹,Not Available,"$515,000",0,0,3,14,Not Available,56,NotAvailable
243,川河進駒,澳洲,7,2015,棗,閹,Not Available,"$35,000",0,0,0,11,Not Available,27,NotAvailable
244,川河達駒,澳洲,7,2015,灰,閹,Not Available,$0,0,0,0,1,Not Available,110,NotAvailable
245,巡航導彈,澳洲,7,2015,棗,閹,Not Available,"$2,587,400",2,1,3,14,Not Available,76,NotAvailable
246,帝豪福星,紐西蘭,7,2015,棗,閹,Not Available,"$8,745,600",4,1,0,10,Not Available,112,NotAvailable
247,常勝心,澳洲,7,2015,棗,閹,Not Available,"$994,210",0,3,2,23,Not Available,35,NotAvailable
248,常山猛虎,澳洲,7,2015,栗,閹,Not Available,$0,0,0,0,1,Not Available,50,NotAvailable
249,常山耆寶,紐西蘭,7,2015,棕,閹,Not Available,"$2,157,550",4,0,3,41,Not Available,22,NotAvailable
250,常常精綵,美國,7,2015,棗,閹,Not Available,$0,0,0,0,4,Not Available,77,NotAvailable
251,平海飛星,愛爾蘭,7,2015,棗,閹,Not Available,"$3,579,950",2,4,2,25,Not Available,65,NotAvailable
252,年年旺,愛爾蘭,7,2015,棗,閹,Not Available,"$7,080,650",2,11,3,38,Not Available,84,NotAvailable
253,年年豐收,澳洲,7,2015,棗,閹,Not Available,"$1,514,785",2,0,0,7,Not Available,67,NotAvailable
254,幸福人民,愛爾蘭,7,2015,棗,閹,Not Available,"$225,000",0,0,1,8,Not Available,68,NotAvailable
255,幸福友善,法國,7,2015,棗,閹,Not Available,"$820,300",1,0,1,12,Not Available,61,NotAvailable
256,幸福掌聲,愛爾蘭,7,2015,棗,閹,Not Available,"$9,179,000",1,1,0,16,Not Available,96,NotAvailable
257,幸運仔,紐西蘭,7,2015,棗,閹,Not Available,$0,0,0,0,1,Not Available,52,NotAvailable
258,幸運勇駒,紐西蘭,7,2015,棗,閹,Not Available,$0,0,0,0,11,Not Available,20,NotAvailable
259,幸運大兄,澳洲,7,2015,棗,閹,Not Available,"$2,444,050",4,2,3,36,Not Available,38,NotAvailable
260,幸運拼圖,紐西蘭,7,2015,棗,閹,Not Available,"$26,250",0,0,0,18,Not Available,33,NotAvailable
261,幸運飛駒,澳洲,7,2015,棗,閹,Not Available,"$1,745,950",1,3,5,34,Not Available,29,NotAvailable
262,延續美麗,愛爾蘭,7,2015,棗,閹,Not Available,$0,0,0,0,5,Not Available,57,NotAvailable
263,弗雷,愛爾蘭,7,2015,棗,閹,Not Available,"$922,400",1,1,0,10,Not Available,53,NotAvailable
264,弛曜風,澳洲,7,2015,棕,閹,Not Available,"$6,863,950",4,4,3,32,Not Available,65,NotAvailable
265,得價喇,英國,7,2015,棗,閹,Not Available,$0,0,0,0,2,Not Available,48,NotAvailable
266,得勝駒,紐西蘭,7,2015,棗,閹,Not Available,"$4,088,350",2,4,3,34,Not Available,80,NotAvailable
267,得意,澳洲,7,2015,棗,閹,Not Available,"$507,500",1,0,0,19,Not Available,17,NotAvailable
268,得益良多,澳洲,7,2015,棗,閹,Not Available,"$2,929,730",2,6,2,32,Not Available,50,NotAvailable
269,得福,紐西蘭,7,2015,深棗,閹,Not Available,$0,0,0,0,11,Not Available,24,NotAvailable
270,得賞,紐西蘭,7,2015,棗,閹,Not Available,"$2,190,075",3,2,4,40,Not Available,29,NotAvailable
271,從頭越,澳洲,7,2015,棗,閹,Not Available,"$203,070",0,0,1,18,Not Available,30,NotAvailable
272,御風超影,愛爾蘭,7,2015,栗,雄,Not Available,"$1,973,745",2,2,2,31,Not Available,45,NotAvailable
273,心中有您,紐西蘭,7,2015,棗,閹,Not Available,"$3,057,510",3,0,6,38,Not Available,64,NotAvailable
274,心中有馬,澳洲,7,2015,栗,閹,Not Available,"$2,040,000",2,1,0,10,Not Available,76,NotAvailable
275,心常樂,紐西蘭,7,2015,棗,閹,Not Available,"$90,000",0,0,0,5,Not Available,73,NotAvailable
276,心連心,愛爾蘭,7,2015,棗,閹,Not Available,$0,0,0,0,4,Not Available,41,NotAvailable
277,心頭好,紐西蘭,7,2015,棗,閹,Not Available,"$1,671,190",2,2,0,9,Not Available,66,NotAvailable
278,必妙星,澳洲,7,2015,棗,閹,Not Available,"$2,274,000",1,0,0,13,Not Available,76,NotAvailable
279,志在四方,法國,7,2015,棗,閹,Not Available,"$5,507,600",2,4,4,27,Not Available,76,NotAvailable
280,志聰明,澳洲,7,2015,棗,閹,Not Available,"$1,254,125",2,2,1,29,Not Available,27,NotAvailable
281,快利來,澳洲,7,2015,棗,閹,Not Available,$0,0,0,0,3,Not Available,46,NotAvailable
282,快快有,澳洲,7,2015,棗,閹,Not Available,"$1,645,000",2,1,0,12,Not Available,58,NotAvailable
283,快快趣,紐西蘭,7,2015,棗,閹,Not Available,$0,0,0,0,7,Not Available,48,NotAvailable
284,快樂騏驥,紐西蘭,7,2015,棕,閹,Not Available,"$172,500",0,0,1,5,Not Available,69,NotAvailable
285,快活一番,澳洲,7,2015,棗,閹,Not Available,"$439,500",1,0,0,17,Not Available,35,NotAvailable
286,快閃的,澳洲,7,2015,棗,閹,Not Available,"$3,298,580",4,3,3,44,Not Available,44,NotAvailable
287,快馬飛馳,紐西蘭,7,2015,棗,閹,Not Available,"$2,157,800",2,1,3,17,Not Available,56,NotAvailable
288,怡昌寶寶,澳洲,7,2015,栗,閹,Not Available,"$3,304,600",2,0,2,10,Not Available,86,NotAvailable
289,怡昌福星,英國,7,2015,棗,閹,Not Available,"$1,145,225",2,0,2,28,Not Available,28,NotAvailable
290,怡昌飛駒,澳洲,7,2015,棗,雄,Not Available,"$3,045,290",3,6,0,20,Not Available,67,NotAvailable
291,怪獸厨神,紐西蘭,7,2015,棕,閹,Not Available,"$946,800",1,0,1,26,Not Available,20,NotAvailable
292,怪獸都市,紐西蘭,7,2015,棗,閹,Not Available,"$4,533,150",5,7,2,58,Not Available,36,NotAvailable
293,恭喜發才,美國,7,2015,棗,閹,Not Available,"$182,000",0,0,0,8,Not Available,75,NotAvailable
294,悅目星光,澳洲,7,2015,棗,閹,Not Available,"$3,536,365",3,7,3,55,Not Available,43,NotAvailable
295,悅裕,澳洲,7,2015,棗,閹,Not Available,"$4,879,350",5,2,2,28,Not Available,76,NotAvailable
296,悅豐泰,愛爾蘭,7,2015,棗,閹,Not Available,"$344,750",0,1,1,8,Not Available,49,NotAvailable
297,悅跑得,澳洲,7,2015,棗,閹,Not Available,"$2,260,600",1,3,2,34,Not Available,53,NotAvailable
298,悅驫,紐西蘭,7,2015,棗,閹,Not Available,"$874,680",1,1,0,11,Not Available,51,NotAvailable
299,情趣,愛爾蘭,7,2015,棗,閹,Not Available,"$6,053,330",6,2,6,73,Not Available,32,NotAvailable
300,惜多福,愛爾蘭,7,2015,栗,閹,Not Available,"$1,801,610",1,3,4,32,Not Available,31,NotAvailable
301,愚者眼界,日本,7,2015,棗,雄,Not Available,"$660,000",0,0,0,1,Not Available,,NotAvailable
302,愛凡達,紐西蘭,7,2015,棗,閹,Not Available,"$558,245",1,0,0,14,Not Available,39,NotAvailable
303,愛添勝,澳洲,7,2015,棕,閹,Not Available,"$855,125",0,3,1,16,Not Available,42,NotAvailable
304,愛逍遙,英國,7,2015,棗,閹,Not Available,"$698,600",0,2,1,30,Not Available,19,NotAvailable
305,慣勝情緒,澳洲,7,2015,棗,閹,Not Available,"$86,250",0,0,1,7,Not Available,37,NotAvailable
306,慣勝積極,紐西蘭,7,2015,棕,閹,Not Available,"$1,883,800",1,4,3,32,Not Available,32,NotAvailable
307,成之寶,澳洲,7,2015,栗,閹,Not Available,"$35,000",0,0,0,8,Not Available,54,NotAvailable
308,戰臣,澳洲,7,2015,棗,閹,Not Available,"$54,950",0,0,0,6,Not Available,63,NotAvailable
309,戰舞者,日本,7,2015,栗,雄,Not Available,"$2,600,000",0,0,1,1,Not Available,,NotAvailable
310,戰鷹,澳洲,7,2015,棗,閹,Not Available,$0,0,0,0,2,Not Available,52,NotAvailable
311,手牽手,愛爾蘭,7,2015,棗,閹,Not Available,"$60,000",0,0,0,13,Not Available,20,NotAvailable
312,扎西德勒,澳洲,7,2015,棕,閹,Not Available,"$3,691,400",2,3,5,29,Not Available,72,NotAvailable
313,拖板精英,澳洲,7,2015,棗,閹,Not Available,"$401,250",0,2,0,15,Not Available,20,NotAvailable
314,捉金皇,澳洲,7,2015,棗,閹,Not Available,"$3,011,723",3,3,3,31,Not Available,53,NotAvailable
315,插班生,紐西蘭,7,2015,棗,閹,Not Available,$0,0,0,0,10,Not Available,19,NotAvailable
316,揚帆順風,澳洲,7,2015,棗,閹,Not Available,"$158,800",0,0,0,17,Not Available,42,NotAvailable
317,摘星之光,紐西蘭,7,2015,棗,閹,Not Available,"$400,430",0,0,2,16,Not Available,33,NotAvailable
318,摯勝寶寶,法國,7,2015,棗,閹,Not Available,$0,0,0,0,2,Not Available,68,NotAvailable
319,文政兼從,愛爾蘭,7,2015,栗,雄,Not Available,$0,0,0,0,1,Not Available,,NotAvailable
320,文武傳奇,紐西蘭,7,2015,棗,閹,Not Available,"$5,194,000",7,1,5,43,Not Available,51,NotAvailable
321,文武先鋒,英國,7,2015,棗,閹,Not Available,"$373,950",0,0,2,16,Not Available,40,NotAvailable
322,新界之星,澳洲,7,2015,棗,閹,Not Available,"$3,825,395",5,2,7,55,Not Available,27,NotAvailable
323,旌暉,澳洲,7,2015,棕,閹,Not Available,"$20,481,450",7,8,10,48,Not Available,110,NotAvailable
324,旗幟輝煌,英國,7,2015,栗,閹,Not Available,"$1,610,500",1,1,2,7,Not Available,83,NotAvailable
325,旗袍老細,澳洲,7,2015,棗,閹,Not Available,"$178,020",0,0,0,9,Not Available,37,NotAvailable
326,日日有餘,紐西蘭,7,2015,棗,閹,Not Available,"$115,000",0,0,1,8,Not Available,38,NotAvailable
327,日日精彩,澳洲,7,2015,灰,閹,Not Available,"$9,549,100",5,0,3,22,Not Available,110,NotAvailable
328,旺旺寶駒,澳洲,7,2015,棗,閹,Not Available,"$1,084,950",2,0,1,19,Not Available,36,NotAvailable
329,旺舖必星,澳洲,7,2015,棕,閹,Not Available,"$123,845",0,0,0,14,Not Available,26,NotAvailable
330,旺蝦王,澳洲,7,2015,灰,閹,Not Available,"$37,586,550",12,5,3,31,Not Available,112,NotAvailable
331,明德之星,澳洲,7,2015,棗,閹,Not Available,"$2,361,775",3,3,5,37,Not Available,20,NotAvailable
332,明月昇輝,澳洲,7,2015,棗,閹,Not Available,"$2,714,260",3,4,4,41,Not Available,42,NotAvailable
333,明月生輝,澳洲,7,2015,棗,閹,Not Available,"$409,600",0,0,3,9,Not Available,48,NotAvailable
334,明月輝煌,澳洲,7,2015,棗,閹,Not Available,"$382,500",0,1,0,10,Not Available,64,NotAvailable
335,明海快駒,澳洲,7,2015,栗,閹,Not Available,$0,0,0,0,2,Not Available,49,NotAvailable
336,明駿之星,澳洲,7,2015,棗,閹,Not Available,"$10,643,950",6,6,8,39,Not Available,90,NotAvailable
337,易來豐,澳洲,7,2015,棕,閹,Not Available,"$218,400",0,1,0,10,Not Available,38,NotAvailable
338,星夢帝國,愛爾蘭,7,2015,棗,閹,Not Available,"$1,854,400",2,3,0,17,Not Available,59,NotAvailable
339,星威,澳洲,7,2015,棗,閹,Not Available,"$26,250",0,0,0,13,Not Available,15,NotAvailable
340,星河戰駒,紐西蘭,7,2015,棗,閹,Not Available,"$499,500",0,1,3,21,Not Available,24,NotAvailable
341,星運男爵,紐西蘭,7,2015,棗,閹,Not Available,"$745,500",0,1,0,14,Not Available,69,NotAvailable
342,星駿,澳洲,7,2015,棗,閹,Not Available,$0,0,0,0,1,Not Available,52,NotAvailable
343,春風得意,紐西蘭,7,2015,棕,閹,Not Available,"$2,957,640",2,5,4,32,Not Available,48,NotAvailable
344,時尚傳奇,紐西蘭,7,2015,棗,閹,Not Available,"$255,000",0,1,0,19,Not Available,20,NotAvailable
345,時時好綵,澳洲,7,2015,栗,閹,Not Available,"$54,950",0,0,0,5,Not Available,66,NotAvailable
346,時時精綵,愛爾蘭,7,2015,棗,閹,Not Available,"$83,491,900",11,11,5,32,Not Available,124,NotAvailable
347,時時順意,澳洲,7,2015,栗,閹,Not Available,"$494,550",0,1,0,8,Not Available,67,NotAvailable
348,晨曦寶馬,澳洲,7,2015,栗,閹,Not Available,"$273,375",0,1,0,16,Not Available,25,NotAvailable
349,晨曦飛馬,紐西蘭,7,2015,棗,閹,Not Available,"$2,963,520",3,3,2,25,Not Available,52,NotAvailable
350,晴朗拍檔,紐西蘭,7,2015,棗,閹,Not Available,"$1,325,375",1,2,4,38,Not Available,21,NotAvailable
351,智勇財星,紐西蘭,7,2015,棗,閹,Not Available,$0,0,0,0,3,Not Available,47,NotAvailable
352,智弗拍檔,澳洲,7,2015,棗,閹,Not Available,"$643,500",1,1,0,17,Not Available,25,NotAvailable
353,智理共想,美國,7,2015,灰／沙,閹,Not Available,"$285,000",0,0,3,15,Not Available,24,NotAvailable
354,智醒財星,澳洲,7,2015,栗,閹,Not Available,"$1,830,650",0,3,3,12,Not Available,63,NotAvailable
355,暴風客,紐西蘭,7,2015,棗,閹,Not Available,$0,0,0,0,1,Not Available,52,NotAvailable
356,最合拍,澳洲,7,2015,棗,閹,Not Available,"$11,541,300",8,2,2,17,Not Available,110,NotAvailable
357,會展達人,澳洲,7,2015,棗,閹,Not Available,"$1,517,500",2,2,1,30,Not Available,37,NotAvailable
358,會長之星,愛爾蘭,7,2015,棗,閹,Not Available,"$5,308,410",4,5,2,36,Not Available,77,NotAvailable
359,有得精彩,澳洲,7,2015,棗／棕,閹,Not Available,"$1,090,050",1,1,1,13,Not Available,53,NotAvailable
360,有毅君子,澳洲,7,2015,棗,閹,Not Available,"$679,210",1,0,0,22,Not Available,36,NotAvailable
361,有視力,紐西蘭,7,2015,棗,閹,Not Available,"$676,750",0,1,3,14,Not Available,52,NotAvailable
362,有錢分,紐西蘭,7,2015,棗,閹,Not Available,"$1,444,050",1,2,2,25,Not Available,24,NotAvailable
363,有錢開心,南非,7,2015,棗,閹,Not Available,$0,0,0,0,6,Not Available,33,NotAvailable
364,東方雷,紐西蘭,7,2015,棗,閹,Not Available,"$795,000",1,0,4,19,Not Available,34,NotAvailable
365,果然友,紐西蘭,7,2015,棗,閹,Not Available,"$2,863,995",3,4,2,33,Not Available,46,NotAvailable
366,格萊美,紐西蘭,7,2015,棗,閹,Not Available,"$690,000",0,0,4,15,Not Available,70,NotAvailable
367,桃花紅,紐西蘭,7,2015,棗,閹,Not Available,"$570,000",1,0,0,10,Not Available,54,NotAvailable
368,森林烈火,澳洲,7,2015,棗,閹,Not Available,"$45,000",0,0,0,8,Not Available,32,NotAvailable
369,椰子糖,澳洲,7,2015,棕,閹,Not Available,"$45,000",0,0,0,11,Not Available,26,NotAvailable
370,業界巨頭,英國,7,2015,棗,雄,Not Available,"$11,800,000",1,0,0,2,Not Available,,NotAvailable
371,極速王,澳洲,7,2015,棗,閹,Not Available,"$5,925,950",2,6,5,24,Not Available,89,NotAvailable
372,榮彩大道,紐西蘭,7,2015,棗,閹,Not Available,"$564,300",1,0,0,15,Not Available,27,NotAvailable
373,榮惑,愛爾蘭,7,2015,棗,閹,Not Available,"$865,415",0,3,0,31,Not Available,29,NotAvailable
374,榮進挑戰,日本,7,2015,灰,閹,Not Available,$0,0,0,0,2,Not Available,49,NotAvailable
375,樂創未來,澳洲,7,2015,棗,閹,Not Available,"$204,100",0,0,0,6,Not Available,63,NotAvailable
376,樂多福,澳洲,7,2015,棗,閹,Not Available,"$1,035,000",1,2,2,27,Not Available,23,NotAvailable
377,樂滿家,澳洲,7,2015,棗,閹,Not Available,"$6,090,450",4,3,4,47,Not Available,71,NotAvailable
378,樂盈盈,愛爾蘭,7,2015,棗,閹,Not Available,"$898,750",1,2,0,18,Not Available,44,NotAvailable
379,樂飛勝,英國,7,2015,棗,閹,Not Available,"$136,580",0,0,1,17,Not Available,14,NotAvailable
380,標準猴王,澳洲,7,2015,栗,閹,Not Available,"$3,707,400",3,1,4,33,Not Available,73,NotAvailable
381,樸素無華,日本,7,2015,灰,雌,Not Available,"$17,385,000",1,0,0,2,Not Available,,NotAvailable
382,機智三寶,法國,7,2015,棗,閹,Not Available,$0,0,0,0,3,Not Available,68,NotAvailable
383,機緣在握,愛爾蘭,7,2015,棗,閹,Not Available,$0,0,0,0,6,Not Available,59,NotAvailable
384,歐洲新星,澳洲,7,2015,棗,閹,Not Available,$0,0,0,0,6,Not Available,30,NotAvailable
385,歡喜心,澳洲,7,2015,棗,閹,Not Available,"$4,948,870",4,5,4,46,Not Available,30,NotAvailable
386,歡樂一生,澳洲,7,2015,棗,閹,Not Available,"$5,436,020",4,6,6,56,Not Available,35,NotAvailable
387,歡樂小子,澳洲,7,2015,栗,閹,Not Available,"$9,861,215",6,13,12,95,Not Available,50,NotAvailable
388,正大光輝,澳洲,7,2015,棗,閹,Not Available,$0,0,0,0,7,Not Available,24,NotAvailable
389,正時機,澳洲,7,2015,棗,閹,Not Available,"$66,045",0,0,0,21,Not Available,19,NotAvailable
390,正義駒,澳洲,7,2015,棗,閹,Not Available,"$160,950",0,0,1,18,Not Available,16,NotAvailable
391,正陽清風,澳洲,7,2015,棗,閹,Not Available,"$4,528,000",5,1,3,33,Not Available,60,NotAvailable
392,步履娛飛,法國,7,2015,棗,閹,Not Available,"$1,750,150",1,2,2,24,Not Available,50,NotAvailable
393,步步為贏,紐西蘭,7,2015,棗,閹,Not Available,"$570,000",1,0,0,4,Not Available,52,NotAvailable
394,步步繼,澳洲,7,2015,棗,閹,Not Available,$0,0,0,0,4,Not Available,60,NotAvailable
395,比超,紐西蘭,7,2015,棗,閹,Not Available,$0,0,0,0,6,Not Available,32,NotAvailable
396,氣宇軒航,紐西蘭,7,2015,棕,閹,Not Available,$0,0,0,0,7,Not Available,28,NotAvailable
397,水星二號,南非,7,2015,棗,閹,Not Available,"$74,100",0,0,0,12,Not Available,24,NotAvailable
398,永同歡欣,紐西蘭,7,2015,栗,隱睪,Not Available,"$2,969,650",2,2,2,20,Not Available,72,NotAvailable
399,永益善,澳洲,7,2015,棗,閹,Not Available,"$4,638,760",5,5,4,46,Not Available,58,NotAvailable
400,泰益善,澳洲,7,2015,棗,閹,Not Available,"$1,176,665",1,2,1,11,Not Available,50,NotAvailable
401,活力勇士,澳洲,7,2015,棕,閹,Not Available,"$3,467,715",3,6,2,42,Not Available,40,NotAvailable
402,活力寶駒,紐西蘭,7,2015,棕,閹,Not Available,"$1,935,933",1,4,4,28,Not Available,44,NotAvailable
403,活力爆發,紐西蘭,7,2015,棗／棕,閹,Not Available,"$432,068",0,1,2,17,Not Available,20,NotAvailable
404,活力爵士,愛爾蘭,7,2015,棗,閹,Not Available,"$364,200",0,1,0,17,Not Available,34,NotAvailable
405,活力長勝,澳洲,7,2015,棗,閹,Not Available,"$1,449,210",2,0,1,17,Not Available,52,NotAvailable
406,活影,愛爾蘭,7,2015,棗,閹,Not Available,"$2,272,800",2,1,2,13,Not Available,72,NotAvailable
407,浩大星輝,澳洲,7,2015,棕,閹,Not Available,$0,0,0,0,5,Not Available,38,NotAvailable
408,深愛,澳洲,7,2015,棗,閹,Not Available,"$3,346,040",2,6,5,45,Not Available,39,NotAvailable
409,添滿意,紐西蘭,7,2015,棗,閹,Not Available,"$36,234,250",4,3,4,22,Not Available,123,NotAvailable
410,清新動力,紐西蘭,7,2015,棗,閹,Not Available,"$2,289,300",2,3,3,38,Not Available,34,NotAvailable
411,清福,紐西蘭,7,2015,棗,閹,Not Available,"$1,827,820",1,2,3,38,Not Available,33,NotAvailable
412,湛江最醒,愛爾蘭,7,2015,棕,閹,Not Available,"$2,635,335",1,4,5,37,Not Available,47,NotAvailable
413,滂薄無比,日本,7,2015,棕,雄,Not Available,"$6,600,000",0,1,0,1,Not Available,,NotAvailable
414,漸信龍駒,澳洲,7,2015,棕,閹,Not Available,"$642,325",0,1,3,30,Not Available,16,NotAvailable
415,潮州勇士,美國,7,2015,棗,閹,Not Available,$0,0,0,0,3,Not Available,46,NotAvailable
416,澳國勳章,愛爾蘭,7,2015,棗,雄,Not Available,"$500,000",0,0,0,1,Not Available,,NotAvailable
417,激賞,澳洲,7,2015,栗,閹,Not Available,"$10,422,775",4,7,7,51,Not Available,81,NotAvailable
418,瀟灑哥,法國,7,2015,栗,閹,Not Available,$0,0,0,0,7,Not Available,21,NotAvailable
419,瀟灑王子,澳洲,7,2015,棗,閹,Not Available,"$5,847,800",6,6,11,60,Not Available,57,NotAvailable
420,火天大有,英國,7,2015,棗,閹,Not Available,"$2,189,375",3,1,3,53,Not Available,15,NotAvailable
421,火旺勝馬,澳洲,7,2015,棕,閹,Not Available,"$226,205",0,0,2,5,Not Available,45,NotAvailable
422,火箭砲,澳洲,7,2015,栗,閹,Not Available,$0,0,0,0,10,Not Available,16,NotAvailable
423,為善聚樂,愛爾蘭,7,2015,棗,閹,Not Available,"$2,354,925",2,6,5,46,Not Available,21,NotAvailable
424,為食格格,澳洲,7,2015,棗,閹,Not Available,"$2,480,070",3,1,2,14,Not Available,70,NotAvailable
425,烽煙四喜,澳洲,7,2015,棗,閹,Not Available,"$9,796,950",9,3,2,44,Not Available,102,NotAvailable
426,無價寶,澳洲,7,2015,棗,閹,Not Available,"$1,997,425",2,2,2,28,Not Available,41,NotAvailable
427,無可估計,紐西蘭,7,2015,棗,閹,Not Available,$0,0,0,0,9,Not Available,32,NotAvailable
428,無忌,紐西蘭,7,2015,棕,閹,Not Available,$0,0,0,0,11,Not Available,18,NotAvailable
429,無極戰士,澳洲,7,2015,栗,閹,Not Available,"$733,350",1,0,2,17,Not Available,34,NotAvailable
430,無限商機,紐西蘭,7,2015,棕,閹,Not Available,"$1,674,150",1,2,2,27,Not Available,53,NotAvailable
431,無限驚喜,法國,7,2015,棗,閹,Not Available,"$936,000",2,0,0,18,Not Available,36,NotAvailable
432,熱血鬥士,澳洲,7,2015,棗,閹,Not Available,"$6,051,450",5,3,2,35,Not Available,74,NotAvailable
433,燈胆精英,紐西蘭,7,2015,灰,閹,Not Available,"$1,712,780",1,2,3,37,Not Available,34,NotAvailable
434,燦爛承傳,美國,7,2015,棗,雄,Not Available,$0,0,0,0,4,Not Available,69,NotAvailable
435,爆騷,澳洲,7,2015,棗,閹,Not Available,"$5,468,520",6,4,5,45,Not Available,51,NotAvailable
436,爪皇烈焰,澳洲,7,2015,棕,閹,Not Available,"$5,309,718",4,6,9,67,Not Available,37,NotAvailable
437,爪皇轟天,紐西蘭,7,2015,栗,閹,Not Available,"$2,710,500",3,2,6,39,Not Available,47,NotAvailable
438,牛精大哥,澳洲,7,2015,棗,閹,Not Available,"$3,075,745",4,3,2,35,Not Available,43,NotAvailable
439,牛精輝煌,愛爾蘭,7,2015,栗,閹,Not Available,"$3,056,745",3,3,4,51,Not Available,36,NotAvailable
440,牛精麒麟,澳洲,7,2015,棗,閹,Not Available,$0,0,0,0,6,Not Available,40,NotAvailable
441,牛角仔,紐西蘭,7,2015,棗,閹,Not Available,"$7,517,700",5,5,1,27,Not Available,75,NotAvailable
442,特登,澳洲,7,2015,栗,閹,Not Available,$0,0,0,0,5,Not Available,34,NotAvailable
443,特駒聯盟,紐西蘭,7,2015,棗,閹,Not Available,"$3,162,480",3,4,2,25,Not Available,56,NotAvailable
444,犀利時光,澳洲,7,2015,棗,閹,Not Available,"$172,500",0,0,1,4,Not Available,75,NotAvailable
445,狂舞派,紐西蘭,7,2015,棗,閹,Not Available,"$4,628,250",3,6,1,31,Not Available,65,NotAvailable
446,獎金王者,澳洲,7,2015,栗,閹,Not Available,$0,0,0,0,8,Not Available,26,NotAvailable
447,獨角寶寶,愛爾蘭,7,2015,栗,閹,Not Available,"$2,108,990",3,1,1,30,Not Available,55,NotAvailable
448,獵狐章者,澳洲,7,2015,栗,閹,Not Available,"$2,263,600",3,2,5,42,Not Available,35,NotAvailable
449,玄天勇驥,澳洲,7,2015,棗,閹,Not Available,$0,0,0,0,4,Not Available,40,NotAvailable
450,玩斗財星,紐西蘭,7,2015,棗,閹,Not Available,"$1,116,625",1,3,1,26,Not Available,19,NotAvailable
451,珍珠鳳凰,紐西蘭,7,2015,棗／棕,閹,Not Available,"$1,900,380",1,5,1,34,Not Available,34,NotAvailable
452,理想回報,英國,7,2015,棗,閹,Not Available,"$4,037,358",2,7,6,53,Not Available,38,NotAvailable
453,瑪神好運,澳洲,7,2015,棗,雌,Not Available,"$1,055,650",1,2,1,21,Not Available,39,NotAvailable
454,環保時代,紐西蘭,7,2015,栗,閹,Not Available,"$392,875",0,1,1,14,Not Available,27,NotAvailable
455,環翠戰士,紐西蘭,7,2015,棗,閹,Not Available,"$2,847,270",3,3,1,29,Not Available,57,NotAvailable
456,甜心寶駒,澳洲,7,2015,棗,閹,Not Available,$0,0,0,0,5,Not Available,35,NotAvailable
457,甜睡密碼,南非,7,2015,棗,閹,Not Available,"$330,000",0,1,0,2,Not Available,72,NotAvailable
458,甜酒杯,澳洲,7,2015,栗,閹,Not Available,"$576,345",1,0,1,15,Not Available,38,NotAvailable
459,生生發發,紐西蘭,7,2015,棗,閹,Not Available,"$307,400",0,1,0,19,Not Available,29,NotAvailable
460,當旺猴王,澳洲,7,2015,棗,閹,Not Available,$0,0,0,0,3,Not Available,46,NotAvailable
461,發財先生,英國,7,2015,棗,閹,Not Available,"$2,370,950",2,2,1,20,Not Available,76,NotAvailable
462,發財寶,澳洲,7,2015,栗,閹,Not Available,"$6,341,385",4,5,10,41,Not Available,77,NotAvailable
463,發財福星,英國,7,2015,棗,閹,Not Available,"$2,863,015",2,2,0,12,Not Available,62,NotAvailable
464,發贏喜,紐西蘭,7,2015,深棗,閹,Not Available,"$958,600",1,1,0,8,Not Available,57,NotAvailable
465,白鷺盛世,紐西蘭,7,2015,棗,閹,Not Available,"$318,750",0,1,0,15,Not Available,24,NotAvailable
466,白鷺飛翔,紐西蘭,7,2015,棗,閹,Not Available,"$5,450,325",5,3,6,44,Not Available,58,NotAvailable
467,百勝龍,澳洲,7,2015,棗,閹,Not Available,"$6,821,350",5,3,2,37,Not Available,75,NotAvailable
468,百寶袋,紐西蘭,7,2015,栗,閹,Not Available,"$1,315,895",1,2,4,22,Not Available,40,NotAvailable
469,百步穿雲,愛爾蘭,7,2015,栗,閹,Not Available,"$14,062,700",6,7,7,43,Not Available,107,NotAvailable
470,皇家魅力,澳洲,7,2015,棕,閹,Not Available,"$1,244,275",0,4,4,29,Not Available,25,NotAvailable
471,皇帝賽,澳洲,7,2015,棗,閹,Not Available,"$1,126,870",1,0,3,17,Not Available,47,NotAvailable
472,皇者峰範,法國,7,2015,棗,閹,Not Available,$0,0,0,0,3,Not Available,86,NotAvailable
473,皇龍司令,法國,7,2015,棗,閹,Not Available,"$2,889,540",3,5,4,42,Not Available,35,NotAvailable
474,皓月千里,愛爾蘭,7,2015,棗,閹,Not Available,"$33,845",0,0,0,6,Not Available,46,NotAvailable
475,盛勢,英國,7,2015,灰／沙,閹,Not Available,"$3,760,725",6,1,5,76,Not Available,20,NotAvailable
476,盛大光輝,英國,7,2015,棗,閹,Not Available,"$5,324,800",3,7,0,42,Not Available,70,NotAvailable
477,相中飛揚,澳洲,7,2015,棗,閹,Not Available,"$60,000",0,0,0,8,Not Available,37,NotAvailable
478,真勇士,澳洲,7,2015,棗,閹,Not Available,"$1,154,880",2,0,0,10,Not Available,53,NotAvailable
479,真妙星,澳洲,7,2015,棗,閹,Not Available,"$4,119,615",4,1,0,33,Not Available,68,NotAvailable
480,真精采,澳洲,7,2015,棗,閹,Not Available,"$459,325",0,2,0,14,Not Available,49,NotAvailable
481,真開心,澳洲,7,2015,棗,閹,Not Available,$0,0,0,0,4,Not Available,47,NotAvailable
482,眾善積福,英國,7,2015,棗,閹,Not Available,"$452,875",1,0,0,17,Not Available,23,NotAvailable
483,石破天驚,澳洲,7,2015,栗,閹,Not Available,"$36,400",0,0,0,3,Not Available,49,NotAvailable
484,神亮金剛,澳洲,7,2015,栗,閹,Not Available,"$2,870,950",4,0,1,14,Not Available,78,NotAvailable
485,神光勇士,澳洲,7,2015,栗,閹,Not Available,$0,0,0,0,4,Not Available,41,NotAvailable
486,神州俊馬,澳洲,7,2015,棗,閹,Not Available,"$2,307,285",3,0,4,23,Not Available,55,NotAvailable
487,神州福星,法國,7,2015,棗,閹,Not Available,"$1,842,870",1,1,5,41,Not Available,34,NotAvailable
488,神州風範,澳洲,7,2015,棗,閹,Not Available,"$145,750",0,0,0,9,Not Available,56,NotAvailable
489,神期大帝,澳洲,7,2015,棗,閹,Not Available,"$2,060,520",3,2,1,21,Not Available,53,NotAvailable
490,神業,日本,7,2015,深棗,雄,Not Available,"$1,425,000",0,0,0,2,Not Available,,NotAvailable
491,神火金剛,澳洲,7,2015,棗,閹,Not Available,"$740,575",1,0,1,30,Not Available,16,NotAvailable
492,神舟寶駒,英國,7,2015,栗,閹,Not Available,"$1,233,000",1,1,0,33,Not Available,37,NotAvailable
493,神舟駿星,澳洲,7,2015,棗,閹,Not Available,"$87,500",0,0,0,10,Not Available,50,NotAvailable
494,神馬飛揚,法國,7,2015,棗,閹,Not Available,"$1,264,425",1,3,1,38,Not Available,23,NotAvailable
495,神駿馬車,紐西蘭,7,2015,棗,閹,Not Available,"$2,799,885",3,0,4,19,Not Available,68,NotAvailable
496,神龍駒,澳洲,7,2015,棗,閹,Not Available,"$5,190,380",4,4,3,54,Not Available,56,NotAvailable
497,祥勝寶駒,澳洲,7,2015,棗,閹,Not Available,"$58,020",0,0,0,12,Not Available,19,NotAvailable
498,福善,愛爾蘭,7,2015,棗,閹,Not Available,"$1,627,825",2,1,2,25,Not Available,35,NotAvailable
499,福多寶,紐西蘭,7,2015,棗,閹,Not Available,"$4,203,605",5,0,5,27,Not Available,65,NotAvailable
500,福盛,紐西蘭,7,2015,棗,閹,Not Available,"$52,500",0,0,0,3,Not Available,69,NotAvailable
501,禾道駒,紐西蘭,7,2015,黑,閹,Not Available,"$7,913,250",6,4,3,32,Not Available,100,NotAvailable
502,種福者,澳洲,7,2015,棕,閹,Not Available,"$2,689,295",4,2,3,27,Not Available,51,NotAvailable
503,競駿天驕,英國,7,2015,棗,閹,Not Available,"$4,881,950",4,1,6,29,Not Available,82,NotAvailable
504,競駿披星,愛爾蘭,7,2015,棗,閹,Not Available,$0,0,0,0,7,Not Available,49,NotAvailable
505,競駿攻略,英國,7,2015,栗,閹,Not Available,$0,0,0,0,8,Not Available,56,NotAvailable
506,競駿飛鷹,紐西蘭,7,2015,棗,閹,Not Available,"$1,258,900",1,2,4,40,Not Available,13,NotAvailable
507,笑傲成功,澳洲,7,2015,棗,閹,Not Available,"$528,845",1,0,0,19,Not Available,28,NotAvailable
508,管之星,紐西蘭,7,2015,棗,閹,Not Available,"$1,878,620",2,3,2,25,Not Available,49,NotAvailable
509,管得掂,澳洲,7,2015,棗,閹,Not Available,"$1,461,185",1,2,2,13,Not Available,58,NotAvailable
510,箭神寶,澳洲,7,2015,棗,閹,Not Available,"$592,500",1,1,0,13,Not Available,33,NotAvailable
511,簡單精彩,紐西蘭,7,2015,栗,閹,Not Available,$0,0,0,0,1,Not Available,52,NotAvailable
512,粉絲狂歡,澳洲,7,2015,栗,閹,Not Available,"$130,000",0,0,0,5,Not Available,47,NotAvailable
513,精彩有你,澳洲,7,2015,棗,閹,Not Available,"$2,576,960",1,4,6,27,Not Available,47,NotAvailable
514,精彩輝煌,澳洲,7,2015,棗,閹,Not Available,"$2,721,850",2,2,1,24,Not Available,66,NotAvailable
515,精彩飛動,愛爾蘭,7,2015,栗,閹,Not Available,"$3,197,285",4,2,2,54,Not Available,37,NotAvailable
516,精明才子,英國,7,2015,栗,閹,Not Available,"$12,937,950",6,3,3,28,Not Available,107,NotAvailable
517,精益傳奇,紐西蘭,7,2015,灰,閹,Not Available,$0,0,0,0,3,Not Available,46,NotAvailable
518,精算謀攻,澳洲,7,2015,棗,閹,Not Available,$0,0,0,0,3,Not Available,50,NotAvailable
519,精算齊同,愛爾蘭,7,2015,栗,閹,Not Available,"$4,855,340",4,5,3,36,Not Available,71,NotAvailable
520,精簡最好,澳洲,7,2015,棗,閹,Not Available,"$2,237,080",3,1,1,17,Not Available,70,NotAvailable
521,糖糖幸運,澳洲,7,2015,棕,閹,Not Available,"$6,101,820",5,2,3,13,Not Available,98,NotAvailable
522,紀利雄星,澳洲,7,2015,棗／棕,閹,Not Available,"$4,724,200",3,6,0,33,Not Available,69,NotAvailable
523,紅寶舍,澳洲,7,2015,棗,閹,Not Available,"$26,250",0,0,0,11,Not Available,20,NotAvailable
524,紅寶金堅,南非,7,2015,棗,閹,Not Available,$0,0,0,0,7,Not Available,21,NotAvailable
525,紅旗飛翔,澳洲,7,2015,棗,閹,Not Available,$0,0,0,0,8,Not Available,19,NotAvailable
526,紅星,澳洲,7,2015,棗,閹,Not Available,"$6,830,050",7,2,9,61,Not Available,40,NotAvailable
527,紅粉彩影,愛爾蘭,7,2015,棗,閹,Not Available,"$2,706,425",2,2,2,26,Not Available,67,NotAvailable
528,紅褲福星,澳洲,7,2015,棗／棕,閹,Not Available,$0,0,0,0,7,Not Available,36,NotAvailable
529,紅鞋兒,澳洲,7,2015,棗,閹,Not Available,$0,0,0,0,8,Not Available,22,NotAvailable
530,終極焦點,澳洲,7,2015,棗,閹,Not Available,$0,0,0,0,1,Not Available,51,NotAvailable
531,綠尚飛馳,紐西蘭,7,2015,棗,閹,Not Available,"$1,885,200",2,1,1,20,Not Available,54,NotAvailable
532,綠彩威利,愛爾蘭,7,2015,栗,閹,Not Available,$0,0,0,0,9,Not Available,56,NotAvailable
533,綠續爆發,澳洲,7,2015,棗,閹,Not Available,"$1,889,100",3,1,0,14,Not Available,58,NotAvailable
534,綠色勇駿,澳洲,7,2015,棗,閹,Not Available,"$1,641,750",0,3,3,18,Not Available,59,NotAvailable
535,綠色時代,澳洲,7,2015,棗,閹,Not Available,"$1,096,000",1,0,0,12,Not Available,68,NotAvailable
536,綠色有運,澳洲,7,2015,棕,閹,Not Available,"$8,986,950",6,5,3,38,Not Available,101,NotAvailable
537,綠豆怪傑,澳洲,7,2015,棗,閹,Not Available,"$148,845",0,0,1,10,Not Available,32,NotAvailable
538,綠魔勇士,紐西蘭,7,2015,棗,閹,Not Available,"$115,000",0,0,1,4,Not Available,52,NotAvailable
539,綫路光輝,紐西蘭,7,2015,棗,閹,Not Available,"$6,572,150",3,4,5,35,Not Available,87,NotAvailable
540,綫路豪傑,澳洲,7,2015,棗,閹,Not Available,$0,0,0,0,3,Not Available,47,NotAvailable
541,緻寶駒,紐西蘭,7,2015,棗,閹,Not Available,"$1,255,000",2,0,1,17,Not Available,59,NotAvailable
542,總統之星,澳洲,7,2015,棗,閹,Not Available,"$1,415,590",2,2,1,29,Not Available,15,NotAvailable
543,繽紛遊戲,紐西蘭,7,2015,深棗,閹,Not Available,"$6,667,100",5,4,1,30,Not Available,65,NotAvailable
544,羅馬精神,愛爾蘭,7,2015,棗,雄,Not Available,$0,0,0,0,1,Not Available,,NotAvailable
545,美男子,澳洲,7,2015,栗,閹,Not Available,$0,0,0,0,3,Not Available,46,NotAvailable
546,美麗傳承,紐西蘭,7,2015,棗,閹,Not Available,"$106,233,750",18,4,6,34,Not Available,128,NotAvailable
547,美麗友盈,愛爾蘭,7,2015,棗,閹,Not Available,"$2,212,650",2,1,0,30,Not Available,46,NotAvailable
548,美麗多多,紐西蘭,7,2015,棗,閹,Not Available,"$4,510,975",4,3,2,28,Not Available,72,NotAvailable
549,美麗天使,英國,7,2015,棗,閹,Not Available,"$3,021,240",4,1,1,15,Not Available,71,NotAvailable
550,美麗掌聲,澳洲,7,2015,栗,閹,Not Available,"$8,114,700",6,3,3,22,Not Available,110,NotAvailable
551,美麗日子,愛爾蘭,7,2015,棗,閹,Not Available,"$3,676,100",1,7,5,32,Not Available,62,NotAvailable
552,美麗歡呼,澳洲,7,2015,棗,閹,Not Available,"$557,100",0,1,2,16,Not Available,34,NotAvailable
553,美麗滿紛,澳洲,7,2015,棗,閹,Not Available,"$2,301,000",2,0,1,23,Not Available,77,NotAvailable
554,美麗甜心,澳洲,7,2015,棗,閹,Not Available,"$1,086,400",0,2,1,23,Not Available,56,NotAvailable
555,美麗笑容,愛爾蘭,7,2015,栗,閹,Not Available,"$6,370,000",2,3,2,14,Not Available,97,NotAvailable
556,美麗躍動,澳洲,7,2015,棕,閹,Not Available,"$2,483,250",1,2,5,22,Not Available,63,NotAvailable
557,美麗非凡,澳洲,7,2015,棕,閹,Not Available,"$3,856,500",1,1,1,24,Not Available,72,NotAvailable
558,美麗高飛,澳洲,7,2015,棗／灰,閹,Not Available,"$172,500",0,0,1,4,Not Available,64,NotAvailable
559,翠湖飛鷹,澳洲,7,2015,棕,閹,Not Available,"$5,674,700",6,1,1,21,Not Available,76,NotAvailable
560,翠龍,愛爾蘭,7,2015,棗,閹,Not Available,"$7,570,175",2,3,8,35,Not Available,85,NotAvailable
561,翡翠劇院,澳洲,7,2015,棗,閹,Not Available,"$4,635,345",4,4,3,60,Not Available,28,NotAvailable
562,翡翠精選,南非,7,2015,棗,閹,Not Available,"$3,487,450",2,1,0,16,Not Available,70,NotAvailable
563,翩然舞姿,愛爾蘭,7,2015,棗,雄,Not Available,$0,0,0,0,1,Not Available,,NotAvailable
564,翹軍,紐西蘭,7,2015,栗,閹,Not Available,"$586,190",1,0,0,16,Not Available,43,NotAvailable
565,耀滿瓶,日本,7,2015,深棗,雄,Not Available,"$28,300,000",2,1,0,3,Not Available,,NotAvailable
566,老友威威,澳洲,7,2015,棕,閹,Not Available,"$4,026,005",2,7,2,50,Not Available,36,NotAvailable
567,老實人,紐西蘭,7,2015,棗,閹,Not Available,"$3,954,825",3,4,5,40,Not Available,51,NotAvailable
568,老撾之光,愛爾蘭,7,2015,棗,閹,Not Available,"$86,250",0,0,1,19,Not Available,29,NotAvailable
569,聖嶅者,紐西蘭,7,2015,棗,閹,Not Available,$0,0,0,0,1,Not Available,52,NotAvailable
570,聲勢,澳洲,7,2015,棗／棕,閹,Not Available,"$2,033,800",2,3,1,18,Not Available,60,NotAvailable
571,股票傳奇,澳洲,7,2015,棗,閹,Not Available,"$3,702,133",4,2,2,29,Not Available,64,NotAvailable
572,肥仔叻叻,澳洲,7,2015,黑,閹,Not Available,"$5,622,500",2,2,0,6,Not Available,111,NotAvailable
573,肥仔威威,澳洲,7,2015,棗,閹,Not Available,"$3,647,430",3,3,3,23,Not Available,69,NotAvailable
574,育馬之星,澳洲,7,2015,棗／棕,閹,Not Available,$0,0,0,0,1,Not Available,71,NotAvailable
575,膠囊大王,德國,7,2015,棕,閹,Not Available,$0,0,0,0,2,Not Available,48,NotAvailable
576,自在人生,澳洲,7,2015,棗,閹,Not Available,"$2,034,105",1,2,3,35,Not Available,48,NotAvailable
577,自然君子,紐西蘭,7,2015,棗,閹,Not Available,"$2,798,660",2,4,4,30,Not Available,49,NotAvailable
578,至尊高陞,紐西蘭,7,2015,棗,閹,Not Available,"$3,052,880",3,3,0,16,Not Available,66,NotAvailable
579,致勝一擊,英國,7,2015,棗,雄,Not Available,"$4,400,000",0,1,0,1,Not Available,,NotAvailable
580,與龍共舞,紐西蘭,7,2015,棗,閹,Not Available,"$9,227,550",6,1,3,33,Not Available,113,NotAvailable
581,興惑,日本,7,2015,棗,閹,Not Available,"$3,183,050",2,3,1,40,Not Available,51,NotAvailable
582,舉世無雙,愛爾蘭,7,2015,棗,閹,Not Available,"$1,317,070",2,0,2,26,Not Available,36,NotAvailable
583,舞士精神,澳洲,7,2015,棗,閹,Not Available,"$3,985,790",4,3,1,11,Not Available,83,NotAvailable
584,航天勝將,紐西蘭,7,2015,栗,閹,Not Available,"$605,000",1,0,0,4,Not Available,57,NotAvailable
585,良朋共盛,澳洲,7,2015,栗,閹,Not Available,$0,0,0,0,11,Not Available,22,NotAvailable
586,花果山,愛爾蘭,7,2015,棗,閹,Not Available,$0,0,0,0,3,Not Available,71,NotAvailable
587,花開月明,澳洲,7,2015,棗,閹,Not Available,$0,0,0,0,1,Not Available,52,NotAvailable
588,英之友,澳洲,7,2015,棗,閹,Not Available,"$2,494,285",2,3,2,38,Not Available,50,NotAvailable
589,英明勇將,澳洲,7,2015,棗,閹,Not Available,"$7,978,105",9,3,2,72,Not Available,58,NotAvailable
590,草上飛,南非,7,2015,棗／棕,閹,Not Available,"$1,874,800",3,3,5,39,Not Available,48,NotAvailable
591,荷花福星,澳洲,7,2015,黑,閹,Not Available,"$2,054,525",2,3,1,26,Not Available,35,NotAvailable
592,莎皇者,英國,7,2015,棗,閹,Not Available,"$2,937,000",1,1,1,10,Not Available,84,NotAvailable
593,萬事傑,澳洲,7,2015,棗,閹,Not Available,$0,0,0,0,5,Not Available,39,NotAvailable
594,萬事叻,澳洲,7,2015,棗,閹,Not Available,"$6,362,750",5,4,4,26,Not Available,82,NotAvailable
595,萬眾之力,澳洲,7,2015,棗,閹,Not Available,"$2,035,326",2,1,3,16,Not Available,55,NotAvailable
596,葵涌精英,澳洲,7,2015,棕,閹,Not Available,"$1,294,950",1,2,4,29,Not Available,24,NotAvailable
597,藍天之星,澳洲,7,2015,栗,閹,Not Available,"$262,500",0,0,1,7,Not Available,60,NotAvailable
598,藍海策略,紐西蘭,7,2015,棕,閹,Not Available,"$3,232,195",2,6,5,46,Not Available,47,NotAvailable
599,虎視眈眈,紐西蘭,7,2015,棗,閹,Not Available,"$45,000",0,0,0,10,Not Available,31,NotAvailable
600,蟲草之星,澳洲,7,2015,棗,閹,Not Available,"$4,980,050",4,4,5,27,Not Available,77,NotAvailable
601,蟲草天峰,紐西蘭,7,2015,棗,閹,Not Available,"$60,000",0,0,0,4,Not Available,46,NotAvailable
602,蟲草無敵,紐西蘭,7,2015,棗,閹,Not Available,$0,0,0,0,1,Not Available,52,NotAvailable
603,行星夢,澳洲,7,2015,棗,閹,Not Available,"$3,583,920",3,4,0,25,Not Available,49,NotAvailable
604,表表馬,紐西蘭,7,2015,棗,閹,Not Available,"$225,955",0,0,1,19,Not Available,17,NotAvailable
605,西夏之王,南非,7,2015,棕,閹,Not Available,"$71,250",0,0,0,23,Not Available,13,NotAvailable
606,見龍在田,紐西蘭,7,2015,棕,閹,Not Available,$0,0,0,0,7,Not Available,32,NotAvailable
607,觀世界,澳洲,7,2015,棗,閹,Not Available,"$825,000",1,1,0,13,Not Available,51,NotAvailable
608,謀勇兼備,日本,7,2015,棕,雌,Not Available,"$2,500,000",0,0,1,1,Not Available,,NotAvailable
609,譽滿杜拜,愛爾蘭,7,2015,棗,閹,Not Available,"$1,710,000",0,0,0,1,Not Available,,NotAvailable
610,變魔術,愛爾蘭,7,2015,棗,雌,Not Available,"$2,800,000",0,0,1,1,Not Available,,NotAvailable
611,豪情勁駿,澳洲,7,2015,栗,閹,Not Available,$0,0,0,0,8,Not Available,43,NotAvailable
612,豹子頭,紐西蘭,7,2015,栗,閹,Not Available,"$6,520,300",6,1,2,24,Not Available,81,NotAvailable
613,財來有方,紐西蘭,7,2015,棗／灰,閹,Not Available,$0,0,0,0,7,Not Available,30,NotAvailable
614,財照發,紐西蘭,7,2015,棗,閹,Not Available,"$572,400",0,1,2,10,Not Available,47,NotAvailable
615,資本家,澳洲,7,2015,棗,閹,Not Available,"$1,526,250",1,2,0,5,Not Available,79,NotAvailable
616,赤水神駒,澳洲,7,2015,棗,閹,Not Available,"$4,572,905",7,4,3,68,Not Available,34,NotAvailable
617,赤火神龍,巴西,7,2015,棕,閹,Not Available,"$1,953,178",2,2,2,40,Not Available,35,NotAvailable
618,赤狐,澳洲,7,2015,棗,閹,Not Available,$0,0,0,0,4,Not Available,67,NotAvailable
619,赤電神駒,紐西蘭,7,2015,栗,閹,Not Available,$0,0,0,0,7,Not Available,35,NotAvailable
620,超奇才,澳洲,7,2015,棗,閹,Not Available,$0,0,0,0,3,Not Available,63,NotAvailable
621,超得意,紐西蘭,7,2015,棗,閹,Not Available,$0,0,0,0,4,Not Available,45,NotAvailable
622,超新星,澳洲,7,2015,棗,閹,Not Available,"$4,771,100",5,0,4,16,Not Available,80,NotAvailable
623,超然,澳洲,7,2015,棗,閹,Not Available,"$3,839,650",3,7,6,64,Not Available,28,NotAvailable
624,超班福星,紐西蘭,7,2015,栗,閹,Not Available,"$2,530,425",0,6,1,34,Not Available,39,NotAvailable
625,超組合,澳洲,7,2015,棗／棕,閹,Not Available,"$220,000",0,1,0,6,Not Available,43,NotAvailable
626,超能量,紐西蘭,7,2015,棗,閹,Not Available,"$3,822,968",1,9,6,31,Not Available,63,NotAvailable
627,超誠寶寶,英國,7,2015,栗,閹,Not Available,"$319,000",0,1,0,14,Not Available,22,NotAvailable
628,超跑王,澳洲,7,2015,棗,閹,Not Available,$0,0,0,0,14,Not Available,41,NotAvailable
629,超霸無敵,澳洲,7,2015,棕,閹,Not Available,"$445,450",1,0,0,18,Not Available,26,NotAvailable
630,超霸神駒,智利,7,2015,棗,閹,Not Available,"$3,479,500",3,0,2,14,Not Available,102,NotAvailable
631,趣怡,澳洲,7,2015,棗,閹,Not Available,"$948,750",1,3,0,26,Not Available,27,NotAvailable
632,跑得威,紐西蘭,7,2015,棗,閹,Not Available,"$1,414,770",2,1,2,23,Not Available,34,NotAvailable
633,路路之星,澳洲,7,2015,棗,閹,Not Available,"$2,067,290",2,3,0,13,Not Available,65,NotAvailable
634,路路富貴,愛爾蘭,7,2015,栗,閹,Not Available,"$444,000",0,1,1,28,Not Available,17,NotAvailable
635,跳出香港,法國,7,2015,棗,閹,Not Available,"$17,272,725",6,2,2,20,Not Available,126,NotAvailable
636,軍力勁,澳洲,7,2015,栗,閹,Not Available,"$3,891,350",3,4,5,35,Not Available,51,NotAvailable
637,軍威振,澳洲,7,2015,棕,閹,Not Available,"$787,500",0,1,0,20,Not Available,46,NotAvailable
638,軍炮,英國,7,2015,棗,閹,Not Available,"$2,985,063",3,2,5,36,Not Available,38,NotAvailable
639,軒轅又牽,澳洲,7,2015,栗,閹,Not Available,"$220,000",0,1,0,7,Not Available,47,NotAvailable
640,載譽歸來,澳洲,7,2015,棗,閹,Not Available,"$8,281,050",3,6,2,28,Not Available,95,NotAvailable
641,輝煌巨星,法國,7,2015,棗,閹,Not Available,"$1,179,180",0,4,3,32,Not Available,21,NotAvailable
642,輝煌星,澳洲,7,2015,栗,閹,Not Available,"$7,890,700",4,2,7,29,Not Available,94,NotAvailable
643,輝煌芯,澳洲,7,2015,栗,閹,Not Available,"$3,257,880",4,1,1,11,Not Available,80,NotAvailable
644,轉數高,澳洲,7,2015,棗,閹,Not Available,"$4,469,600",4,1,6,29,Not Available,75,NotAvailable
645,辣得真,澳洲,7,2015,栗,閹,Not Available,"$146,345",0,0,1,16,Not Available,21,NotAvailable
646,辣臣,澳洲,7,2015,棕,閹,Not Available,"$3,978,000",2,3,5,24,Not Available,73,NotAvailable
647,迎有,澳洲,7,2015,棗,閹,Not Available,"$35,000",0,0,0,9,Not Available,50,NotAvailable
648,逍遙自在,愛爾蘭,7,2015,棗,閹,Not Available,"$10,499,650",7,2,5,35,Not Available,100,NotAvailable
649,連利之友,紐西蘭,7,2015,棗,閹,Not Available,$0,0,0,0,7,Not Available,33,NotAvailable
650,連連歡樂,澳洲,7,2015,栗,閹,Not Available,"$1,916,190",2,1,0,7,Not Available,71,NotAvailable
651,進優,澳洲,7,2015,栗,閹,Not Available,$0,0,0,0,9,Not Available,26,NotAvailable
652,運來寶兒,澳洲,7,2015,棕,閹,Not Available,$0,0,0,0,14,Not Available,9,NotAvailable
653,運來福星,澳洲,7,2015,栗,閹,Not Available,"$2,152,350",1,1,6,35,Not Available,53,NotAvailable
654,過關勝將,紐西蘭,7,2015,棗,閹,Not Available,$0,0,0,0,8,Not Available,17,NotAvailable
655,道道,南非,7,2015,棗,閹,Not Available,"$126,000",0,0,0,5,Not Available,73,NotAvailable
656,達心星,紐西蘭,7,2015,棗,閹,Not Available,"$25,170,715",7,4,2,20,Not Available,117,NotAvailable
657,達龍駒,澳洲,7,2015,棕,閹,Not Available,"$9,378,000",2,1,2,17,Not Available,102,NotAvailable
658,遨遊千里,澳洲,7,2015,栗,閹,Not Available,"$620,430",0,2,1,13,Not Available,40,NotAvailable
659,都會之星,澳洲,7,2015,棕,閹,Not Available,$0,0,0,0,4,Not Available,43,NotAvailable
660,都靈紅星,英國,7,2015,棗,閹,Not Available,"$9,310,500",6,6,3,53,Not Available,73,NotAvailable
661,鄉村瑰寶,澳洲,7,2015,棗,閹,Not Available,"$7,247,900",5,2,2,20,Not Available,95,NotAvailable
662,酷比哥,澳洲,7,2015,棗,閹,Not Available,"$2,661,200",3,1,0,23,Not Available,42,NotAvailable
663,醉醒神,澳洲,7,2015,棗／棕,閹,Not Available,"$2,845,340",2,6,3,39,Not Available,33,NotAvailable
664,醉開心,紐西蘭,7,2015,栗,閹,Not Available,"$906,895",1,1,2,36,Not Available,19,NotAvailable
665,醒旺財,澳洲,7,2015,棗,閹,Not Available,"$2,163,805",0,7,3,22,Not Available,46,NotAvailable
666,醒目再臨,愛爾蘭,7,2015,棗,閹,Not Available,"$2,892,940",2,3,3,43,Not Available,34,NotAvailable
667,野田優驥,日本,7,2015,棕,雄,Not Available,"$1,596,000",0,0,0,1,Not Available,,NotAvailable
668,野田賢君,日本,7,2015,深棗,雄,Not Available,$0,0,0,0,1,Not Available,,NotAvailable
669,野田重擊,日本,7,2015,棗,雄,Not Available,"$12,900,000",1,0,0,4,Not Available,,NotAvailable
670,金元寶馬,紐西蘭,7,2015,棗,閹,Not Available,"$868,020",0,3,1,21,Not Available,50,NotAvailable
671,金剛秀,紐西蘭,7,2015,棗,閹,Not Available,"$2,569,500",2,8,2,54,Not Available,10,NotAvailable
672,金地飛客,紐西蘭,7,2015,棗,閹,Not Available,"$3,565,330",5,3,2,42,Not Available,47,NotAvailable
673,金如意,紐西蘭,7,2015,棗,閹,Not Available,"$3,520,620",3,1,5,40,Not Available,47,NotAvailable
674,金期莊家,愛爾蘭,7,2015,栗,閹,Not Available,"$123,900",0,0,0,19,Not Available,32,NotAvailable
675,金枝玉葉,紐西蘭,7,2015,棗,閹,Not Available,"$1,140,000",2,0,0,6,Not Available,61,NotAvailable
676,金糠,南非,7,2015,棗,閹,Not Available,$0,0,0,0,20,Not Available,31,NotAvailable
677,金融才雋,澳洲,7,2015,棗,閹,Not Available,$0,0,0,0,4,Not Available,66,NotAvailable
678,金馬玉堂,澳洲,7,2015,棗,閹,Not Available,"$60,000",0,0,0,2,Not Available,50,NotAvailable
679,金鷹翱翔,澳洲,7,2015,栗,閹,Not Available,"$2,029,000",1,1,3,22,Not Available,70,NotAvailable
680,金鼓雷鳴,英國,7,2015,棗,閹,Not Available,"$962,800",1,1,1,10,Not Available,52,NotAvailable
681,金鼓齊鳴,澳洲,7,2015,棗,閹,Not Available,"$5,968,700",5,3,3,23,Not Available,87,NotAvailable
682,銀亮戰士,澳洲,7,2015,棗,閹,Not Available,"$60,000",0,0,0,4,Not Available,44,NotAvailable
683,銀時,澳洲,7,2015,棗,閹,Not Available,"$326,320",0,1,0,17,Not Available,44,NotAvailable
684,銳俊良駒,澳洲,7,2015,栗,閹,Not Available,$0,0,0,0,12,Not Available,8,NotAvailable
685,鋒芒快露,英國,7,2015,棗,閹,Not Available,"$1,811,645",2,2,1,12,Not Available,60,NotAvailable
686,錢途光輝,澳洲,7,2015,栗,閹,Not Available,$0,0,0,0,7,Not Available,32,NotAvailable
687,錢途永恒,澳洲,7,2015,棗,閹,Not Available,$0,0,0,0,4,Not Available,42,NotAvailable
688,錢途燦爛,澳洲,7,2015,棗,閹,Not Available,"$954,645",1,0,3,16,Not Available,44,NotAvailable
689,錶之鈴,日本,7,2015,深棗,閹,Not Available,$0,0,0,0,9,Not Available,47,NotAvailable
690,錶之銳,日本,7,2015,栗,閹,Not Available,"$4,860,150",3,4,3,38,Not Available,71,NotAvailable
691,鎧運之星,紐西蘭,7,2015,棗,閹,Not Available,"$1,179,210",2,0,0,11,Not Available,56,NotAvailable
692,鐵胆威龍,紐西蘭,7,2015,棗,閹,Not Available,"$1,043,095",0,1,6,20,Not Available,39,NotAvailable
693,鑲白旗,愛爾蘭,7,2015,棗,閹,Not Available,"$5,270,200",3,4,6,41,Not Available,75,NotAvailable
694,鑲藍旗,澳洲,7,2015,棗,閹,Not Available,"$220,950",0,0,2,16,Not Available,21,NotAvailable
695,鑽一鑽,愛爾蘭,7,2015,棕,閹,Not Available,"$36,400",0,0,0,12,Not Available,49,NotAvailable
696,鑽飾明駝,澳洲,7,2015,棗,閹,Not Available,"$1,699,920",2,1,1,23,Not Available,58,NotAvailable
697,鑽飾貔貅,澳洲,7,2015,棗,閹,Not Available,$0,0,0,0,5,Not Available,38,NotAvailable
698,閃耀中華,澳洲,7,2015,棕,閹,Not Available,"$457,300",0,1,1,14,Not Available,36,NotAvailable
699,閃電精靈,澳洲,7,2015,棗／棕,閹,Not Available,"$5,434,068",4,5,3,32,Not Available,63,NotAvailable
700,閃電龍,澳洲,7,2015,棗,閹,Not Available,$0,0,0,0,10,Not Available,26,NotAvailable
701,開心一號,澳洲,7,2015,棗,閹,Not Available,"$375,000",0,1,0,14,Not Available,27,NotAvailable
702,開心人生,澳洲,7,2015,栗,閹,Not Available,"$2,769,905",2,3,2,18,Not Available,71,NotAvailable
703,開心好友,澳洲,7,2015,棗,閹,Not Available,"$3,813,113",3,5,5,41,Not Available,50,NotAvailable
704,開心好玩,紐西蘭,7,2015,棗,閹,Not Available,"$3,981,700",2,4,2,22,Not Available,83,NotAvailable
705,開心日子,澳洲,7,2015,棗,閹,Not Available,"$3,700,955",3,7,3,51,Not Available,38,NotAvailable
706,開心歡呼,英國,7,2015,栗,閹,Not Available,$0,0,0,0,10,Not Available,25,NotAvailable
707,開心財星,愛爾蘭,7,2015,棗,閹,Not Available,"$50,750",0,0,0,12,Not Available,34,NotAvailable
708,阿李蝦蝦,澳洲,7,2015,棗,閹,Not Available,"$48,650",0,0,0,11,Not Available,30,NotAvailable
709,陳年美酒,日本,7,2015,棗,雄,Not Available,"$520,000",0,0,0,1,Not Available,,NotAvailable
710,陽光戰駒,英國,7,2015,栗,閹,Not Available,"$570,000",1,0,0,15,Not Available,59,NotAvailable
711,陽光霸駒,澳洲,7,2015,灰,閹,Not Available,"$90,000",0,0,0,6,Not Available,60,NotAvailable
712,陽剛武士,澳洲,7,2015,栗,閹,Not Available,"$426,205",0,1,1,15,Not Available,50,NotAvailable
713,陽明亮亮,紐西蘭,7,2015,棗,閹,Not Available,"$3,941,920",4,5,6,40,Not Available,50,NotAvailable
714,陽明滿滿,紐西蘭,7,2015,棗,閹,Not Available,"$3,337,720",4,2,4,34,Not Available,50,NotAvailable
715,陽明秋秋,紐西蘭,7,2015,棗,閹,Not Available,"$2,874,460",2,6,4,44,Not Available,35,NotAvailable
716,隨喜,澳洲,7,2015,棗,閹,Not Available,"$329,100",0,1,0,16,Not Available,24,NotAvailable
717,隨我來,愛爾蘭,7,2015,棗,閹,Not Available,"$2,250,190",3,2,2,44,Not Available,27,NotAvailable
718,雪山飛狐,英國,7,2015,灰,閹,Not Available,"$1,978,500",1,1,0,7,Not Available,81,NotAvailable
719,雪茄菸,愛爾蘭,7,2015,栗,閹,Not Available,$0,0,0,0,5,Not Available,40,NotAvailable
720,雪霸神駒,南非,7,2015,棗,閹,Not Available,"$1,367,750",0,0,0,17,Not Available,73,NotAvailable
721,雷公鑿,澳洲,7,2015,棗,閹,Not Available,"$6,965,996",5,5,9,79,Not Available,38,NotAvailable
722,電子傳承,澳洲,7,2015,棗,閹,Not Available,"$87,000",0,0,0,21,Not Available,22,NotAvailable
723,電子群星,紐西蘭,7,2015,棗,閹,Not Available,"$6,749,310",6,2,4,36,Not Available,84,NotAvailable
724,電子赤兔,紐西蘭,7,2015,栗,閹,Not Available,$0,0,0,0,2,Not Available,49,NotAvailable
725,電玩福星,愛爾蘭,7,2015,灰,閹,Not Available,$0,0,0,0,2,Not Available,47,NotAvailable
726,電訊火箭,紐西蘭,7,2015,棗,閹,Not Available,"$3,701,608",2,6,8,44,Not Available,53,NotAvailable
727,電訊琪峯,澳洲,7,2015,棗,閹,Not Available,"$105,000",0,0,0,6,Not Available,61,NotAvailable
728,電訊精英,紐西蘭,7,2015,棗,閹,Not Available,"$27,300",0,0,0,14,Not Available,32,NotAvailable
729,電訊超班,澳洲,7,2015,棗,閹,Not Available,"$1,524,950",1,3,0,17,Not Available,63,NotAvailable
730,電訊驫馬,紐西蘭,7,2015,棕,閹,Not Available,"$1,439,550",1,1,1,31,Not Available,46,NotAvailable
731,電路一號,英國,7,2015,灰,閹,Not Available,"$944,845",0,3,1,25,Not Available,29,NotAvailable
732,電路六號,澳洲,7,2015,棗,閹,Not Available,"$90,000",0,0,0,6,Not Available,68,NotAvailable
733,霸勝,紐西蘭,7,2015,棗,閹,Not Available,"$5,428,320",5,5,4,44,Not Available,51,NotAvailable
734,靈光八號,愛爾蘭,7,2015,栗,閹,Not Available,"$102,000",0,0,0,19,Not Available,5,NotAvailable
735,青年聯動,澳洲,7,2015,栗,閹,Not Available,$0,0,0,0,4,Not Available,40,NotAvailable
736,青心星,紐西蘭,7,2015,棕,閹,Not Available,"$2,219,580",1,3,3,16,Not Available,56,NotAvailable
737,青蛙王子,澳洲,7,2015,棗,閹,Not Available,"$142,500",0,0,0,10,Not Available,63,NotAvailable
738,靚籐王,紐西蘭,7,2015,棗,閹,Not Available,"$751,125",1,0,1,25,Not Available,14,NotAvailable
739,靚紫荊,澳洲,7,2015,棕,閹,Not Available,"$4,189,760",4,3,3,48,Not Available,42,NotAvailable
740,非凡才子,紐西蘭,7,2015,棗,閹,Not Available,"$9,076,500",4,5,3,34,Not Available,95,NotAvailable
741,鞍歌,澳洲,7,2015,棗,閹,Not Available,"$7,954,850",5,7,7,40,Not Available,87,NotAvailable
742,頌聖,紐西蘭,7,2015,栗,閹,Not Available,"$115,000",0,0,1,14,Not Available,19,NotAvailable
743,頌讚火星,日本,7,2015,栗,雄,Not Available,"$16,750,000",1,0,1,2,Not Available,,NotAvailable
744,顏色大師,澳洲,7,2015,棗,閹,Not Available,"$197,450",0,0,0,5,Not Available,64,NotAvailable
745,風雨駒,澳洲,7,2015,棗,閹,Not Available,"$2,375,000",1,2,1,22,Not Available,64,NotAvailable
746,飈驥,澳洲,7,2015,栗,閹,Not Available,"$4,541,600",3,3,2,29,Not Available,85,NotAvailable
747,飛帥,紐西蘭,7,2015,棗,閹,Not Available,"$217,500",0,1,0,16,Not Available,21,NotAvailable
748,飛虎凱旋,南非,7,2015,棗,閹,Not Available,$0,0,0,0,5,Not Available,54,NotAvailable
749,飛雲騅,澳洲,7,2015,棗,閹,Not Available,"$4,607,125",5,2,5,33,Not Available,71,NotAvailable
750,飛馬輝煌,澳洲,7,2015,棗,閹,Not Available,"$1,485,000",1,3,1,15,Not Available,55,NotAvailable
751,餘皇,英國,7,2015,栗,閹,Not Available,"$880,255",1,0,2,29,Not Available,34,NotAvailable
752,首飾傳奇,澳洲,7,2015,棕,閹,Not Available,"$2,031,450",2,3,2,34,Not Available,31,NotAvailable
753,首飾大聖,紐西蘭,7,2015,棗,閹,Not Available,"$2,729,335",2,4,4,25,Not Available,57,NotAvailable
754,香江穩勝,澳洲,7,2015,灰,閹,Not Available,"$5,397,788",2,11,5,56,Not Available,21,NotAvailable
755,香音,英國,7,2015,棗,閹,Not Available,"$2,462,000",2,0,4,18,Not Available,70,NotAvailable
756,馬上喝采,南非,7,2015,棗,閹,Not Available,$0,0,0,0,9,Not Available,28,NotAvailable
757,馬上精彩,澳洲,7,2015,棗,閹,Not Available,$0,0,0,0,3,Not Available,44,NotAvailable
758,馬克羅斯,英國,7,2015,栗,閹,Not Available,"$39,640,050",7,3,4,44,Not Available,99,NotAvailable
759,馬力佳,澳洲,7,2015,栗,閹,Not Available,$0,0,0,0,3,Not Available,47,NotAvailable
760,馬功臣,澳洲,7,2015,栗,閹,Not Available,"$5,158,975",4,3,8,57,Not Available,36,NotAvailable
761,馬友冠,南非,7,2015,棗,閹,Not Available,"$2,823,000",1,3,3,26,Not Available,78,NotAvailable
762,馬友皇,澳洲,7,2015,栗,閹,Not Available,$0,0,0,0,8,Not Available,37,NotAvailable
763,馬驕雄,愛爾蘭,7,2015,棗,閹,Not Available,"$125,575",0,0,0,17,Not Available,22,NotAvailable
764,馭風行,澳洲,7,2015,灰,閹,Not Available,"$137,750",0,0,0,14,Not Available,51,NotAvailable
765,駿嶺峯,澳洲,7,2015,栗,閹,Not Available,$0,0,0,0,3,Not Available,45,NotAvailable
766,駿皇綵,澳洲,7,2015,棗,閹,Not Available,"$7,803,550",5,1,5,50,Not Available,67,NotAvailable
767,騰駿,紐西蘭,7,2015,深棗,閹,Not Available,$0,0,0,0,8,Not Available,35,NotAvailable
768,驍鎰,澳洲,7,2015,棕,閹,Not Available,"$149,700",0,0,1,13,Not Available,26,NotAvailable
769,驫驫,紐西蘭,7,2015,棗,閹,Not Available,"$2,552,450",3,2,3,31,Not Available,35,NotAvailable
770,高友之星,澳洲,7,2015,栗,閹,Not Available,"$954,900",1,0,1,16,Not Available,60,NotAvailable
771,高富帥,澳洲,7,2015,棕,閹,Not Available,$0,0,0,0,1,Not Available,52,NotAvailable
772,高能量,紐西蘭,7,2015,棗,閹,Not Available,$0,0,0,0,9,Not Available,27,NotAvailable
773,高陞高聲,愛爾蘭,7,2015,棗,閹,Not Available,$0,0,0,0,1,Not Available,50,NotAvailable
774,鬍鬚漢,愛爾蘭,7,2015,棗,雄,Not Available,$0,0,0,0,1,Not Available,,NotAvailable
775,魅力星光,愛爾蘭,7,2015,栗,閹,Not Available,"$2,506,510",2,4,1,31,Not Available,49,NotAvailable
776,鱷臨天下,紐西蘭,7,2015,栗,閹,Not Available,"$2,755,250",4,2,1,29,Not Available,60,NotAvailable
777,鵰神,紐西蘭,7,2015,棗,閹,Not Available,"$2,579,540",2,3,5,24,Not Available,45,NotAvailable
778,麗冠花環,日本,7,2015,棗,雌,Not Available,"$600,000",0,0,0,1,Not Available,,NotAvailable
779,黃色潛艇,愛爾蘭,7,2015,棗,閹,Not Available,$0,0,0,0,4,Not Available,42,NotAvailable
780,黃金元帥,紐西蘭,7,2015,棗,閹,Not Available,"$323,625",0,1,1,20,Not Available,16,NotAvailable
781,鼓浪威風,澳洲,7,2015,棕,閹,Not Available,"$590,500",1,0,1,17,Not Available,32,NotAvailable
782,鼓浪陽光,澳洲,7,2015,栗,閹,Not Available,"$115,000",0,0,1,14,Not Available,21,NotAvailable
783,齊齊出擊,澳洲,7,2015,灰,閹,Not Available,$0,0,0,0,7,Not Available,28,NotAvailable
784,龍之英,愛爾蘭,7,2015,棕,閹,Not Available,$0,0,0,0,16,Not Available,18,NotAvailable
785,龍城猛將,澳洲,7,2015,棗,閹,Not Available,"$3,950,370",4,4,6,38,Not Available,38,NotAvailable
786,龍城皇將,澳洲,7,2015,棗,閹,Not Available,$0,0,0,0,8,Not Available,27,NotAvailable
787,龍船,愛爾蘭,7,2015,棗,閹,Not Available,"$7,053,753",4,7,4,83,Not Available,15,NotAvailable
788,龍鑽輝煌,澳洲,7,2015,栗,閹,Not Available,"$848,020",1,1,0,14,Not Available,47,NotAvailable
789,龍鳳情祥,澳洲,7,2015,棗,閹,Not Available,"$2,192,590",2,4,1,37,Not Available,26,NotAvailable
